Product,Sub-product,Issue,Sub-issue,Complaint,Company,State,Submitted via,Company response to consumer,Timely response?,Cleaned_Complaint
Debt collection,Non-federal student loan,Cont'd attempts collect debt not owed,Debt resulted from identity theft,"I am a victim of identity theft and I do not owe for this debt. A representative from Capital Management Services , LP continuously called me back and informed me that the FBI would arrest me and I would not be able to get and bank loan or federal student loan from the government ever again, if I do n't pay this debt. 
","Capital Management Services, LP",MN,Web,Closed,Yes,victim identity theft owe debt representative capital management service lp continuously called back informed fbi would arrest would able get bank loan federal student loan government ever nt pay debt
Credit reporting,,Incorrect information on credit report,Information is not mine,"There is an acct. Listed as being "" open and in collection '' on my credit report. The collection company is XXXX most and they list the original creditor as XXXX XXXX dvd. I have never done business of any sort with XXXX XXXX dvd, in fact I have never even owned a dvd player. The claim that I owe them money is completely erroneous and should be removed from my credit report. 
","TransUnion Intermediate Holdings, Inc.",DC,Web,Closed with explanation,Yes,acct listed open collection credit report collection company xxxx list original creditor xxxx xxxx dvd never done business sort xxxx xxxx dvd fact never even owned dvd player claim owe money completely erroneous removed credit report
Credit reporting,,Incorrect information on credit report,Information is not mine,"REFERENCE : XXXX XXXXWhen I was deployed XXXX, my social security number was used by another to obtain a credit card. The card was opened "" in-store '' and not online XXXX. I was in XXXX. It was impossible for me to open the credit card, there is no XXXX XXXX store XXXX. 
I have explained this to XXXX XXXX because they operate the XXXX XXXX card. I have given XXXX XXXX XXXX ( XXXX ) a copy of the police report. They refuse to take the credit card out of my name and insists on assigning this debt to me. 
Whenever I get this matter resolved with the credit reporting agency, XXXX changes the account number and reassigns the account to me under a different number. However, since I have NEVER NEVER applied for a XXXX -- they have no authorization to associate my identity with their business. They need to close this account and quit reporting the account as belonging to me. 
Attached are : my orders showing my deployment XXXX, a copy of the police report, and an Experian credit report. 
",Experian,AP,Web,Closed with non-monetary relief,Yes,reference xxxx xxxxwhen deployed xxxx social security number used another obtain credit card card opened instore online xxxx xxxx impossible open credit card xxxx xxxx store xxxx explained xxxx xxxx operate xxxx xxxx card given xxxx xxxx xxxx xxxx copy police report refuse take credit card name insists assigning debt whenever get matter resolved credit reporting agency xxxx change account number reassigns account different number however since never never applied xxxx authorization associate identity business need close account quit reporting account belonging attached order showing deployment xxxx copy police report experian credit report
Bank account or service,Checking account,"Account opening, closing, or management",,"I applied for a Citigold Checking Account on XXXX XXXX, XXXX with a promotional offer to receive XXXX upon completion of the requirements ( {$1000.00} debit card spend, 2 monthly bill pays in sequential months ). I completed the requirements in XXXX, but never received my points, despite the the disclosure stating that I would receive the points within 90 days of fulfilling the requirements ( approximately XXXX ). I spoke to a Citi representative via the online chat on XXXX XXXX, XXXX who opened an investigation. However, this investigation still has not been completed as of XXXX XXXX, XXXX, and I 've had to pay an additional XXXX monthly fee. Messages from Citibank have confirmed that I have met the requirements but claim that I am not elegible, despite the offer being active on my account.",Citibank,WI,Web,Closed with monetary relief,Yes,applied citigold checking account xxxx xxxx xxxx promotional offer receive xxxx upon completion requirement debit card spend monthly bill pay sequential month completed requirement xxxx never received point despite disclosure stating would receive point within day fulfilling requirement approximately xxxx spoke citi representative via online chat xxxx xxxx xxxx opened investigation however investigation still completed xxxx xxxx xxxx pay additional xxxx monthly fee message citibank confirmed met requirement claim elegible despite offer active account
Debt collection,"Other (i.e. phone, health club, etc.)",Communication tactics,Called after sent written cease of comm,"Unannounced, they came into our place of business and started taking pictures. We are not a public-facing company. We are a private call center. They startled my employees. Would n't leave when asked. One girl went home crying. We threatened to call police and they said they had the right to be here. We started calling police and they left real fast. 
","VeriCore, LLC",FL,Web,Closed with explanation,Yes,unannounced came place business started taking picture publicfacing company private call center startled employee would nt leave asked one girl went home cry threatened call police said right started calling police left real fast
Debt collection,I do not know,Cont'd attempts collect debt not owed,Debt resulted from identity theft,"The Chargeback / Dispute policies of PayPal have taken my account to over negative $ XXXX dollars and now they 're turning me over to a collection agency. 

I 've been a member of PayPal for many years. I 've never had an issue until now. My ex-roommate moved out owing me over {$13000.00} in XXXX of 2016. She moved back home with her parents. Her father gave her access to his credit card. Between XXXX and XXXX she was paying on what she owed by making payments through PayPal. After making several payments, she got into an argument with her Father. He was mad and started disputing the payments she made with his bank. His bank generated a dispute for each of the payments in her name. They said she disputed the payments. I immediately tried to resolve the issue by working with her. She accepted full responsibility for the chargebacks and admitted I was not at fault. She submitted a notarized letter stating that. She 's made several attempts to address the issues via calls and emails, but no matter what she did, they could n't do anything. They have no process or procedures in place to resolve issues with the buyer 's bank when the buyer is at fault. PayPal did n't do anything to meet her request and transfer the debt. From my side of the transactions, I 've done everything I could to show them, the payments were valid and it was a personal transaction and not something bought and sold. PayPal 's chargeback and disputes department said ; they would present the information to the bank. They said ; since the PayPal account owner admits the charges were valid and stated she was authorized by her dad 's card, that I did n't need to worry. Eventually, the first set of chargebacks were closed against me. They said they would appeal the banks decision. More and more chargebacks were closed against me and I asked for a contact and the name of the bank. I was denied this information and was left helpless to resolve the issues. I did n't know the bank, whose card was used, or a single contact to address the issue. PayPal said they protect that information, but they still expect me to accept responsibility. The result is ; my exroommate committed fraud and identity theft and I 'm being held responsible for her illegal activity. PayPal 's expects me to pay over {$6000.00} for an issue they did n't help me resolve. Their reason for not supporting me, is these transactions are n't covered by "" seller protection policy ''. PayPal said they have no way to transfer the debt to the buyer, even though she is at fault and accepted responsibility. Because of PayPal 's inability to place responsibility on the person at fault, they 're attempting to collect from me without providing any support or opportunity to address the issue with the bank making this claim. 


If you do business on PayPal and someone buys merchandise with a stolen card, you are responsible to pay back the amount of the transactions made and you wo n't have access to the funds to run your business. No matter what, because someone broke the law, the company that says they 'll protect you, holds you responsible to pay.","PayPal Holdings, Inc.",OH,Web,Closed with explanation,Yes,chargeback dispute policy paypal taken account negative xxxx dollar turning collection agency member paypal many year never issue exroommate moved owing xxxx moved back home parent father gave access credit card xxxx xxxx paying owed making payment paypal making several payment got argument father mad started disputing payment made bank bank generated dispute payment name said disputed payment immediately tried resolve issue working accepted full responsibility chargebacks admitted fault submitted notarized letter stating made several attempt address issue via call email matter could nt anything process procedure place resolve issue buyer bank buyer fault paypal nt anything meet request transfer debt side transaction done everything could show payment valid personal transaction something bought sold paypal chargeback dispute department said would present information bank said since paypal account owner admits charge valid stated authorized dad card nt need worry eventually first set chargebacks closed said would appeal bank decision chargebacks closed asked contact name bank denied information left helpless resolve issue nt know bank whose card used single contact address issue paypal said protect information still expect accept responsibility result exroommate committed fraud identity theft held responsible illegal activity paypal expects pay issue nt help resolve reason supporting transaction nt covered seller protection policy paypal said way transfer debt buyer even though fault accepted responsibility paypal inability place responsibility person fault attempting collect without providing support opportunity address issue bank making claim business paypal someone buy merchandise stolen card responsible pay back amount transaction made wo nt access fund run business matter someone broke law company say protect hold responsible pay
Credit reporting,,Incorrect information on credit report,Information is not mine,"Someone used my Identity to open a line with XXXX XXXX, I fought the dispute thru my Life Lock account and they contacted XXXX and after much research XXXX determined It is not my account and I had no charges. XXXX sent me an email with conf # XXXX saying they will send it to all XXXX credit companies. I am still disputing this with equifax and I do n't know if its also on XXXX. Equinox says its still showing and it wo n't go away in 2 years? they should remove it because its hurting my score. 
",Equifax,FL,Web,Closed with explanation,Yes,someone used identity open line xxxx xxxx fought dispute thru life lock account contacted xxxx much research xxxx determined account charge xxxx sent email conf xxxx saying send xxxx credit company still disputing equifax nt know also xxxx equinox say still showing wo nt go away year remove hurting score
Debt collection,"Other (i.e. phone, health club, etc.)",Cont'd attempts collect debt not owed,Debt is not mine,"National Credit Systems is trying to collect a debt from an apartment rental that I do not owe. When I left the apartment I was renting I did a final walk through and was told I was good to go. Now I have a collection on my credit report which I was never notified that it was a discrepancy or debt that needed to be resolve from the original creditor or collection agency, just a sudden appearance on my credit report. After contacting the credit agency I requested documentation and proof of what this debt is for and never received any letter or notification stating the debt. I called back several times and spoke with I believe bryan and he would either not be at his desk or would say he was sending many information but never sent it. I do not owe this debt and do not feel it is fair to report to credit bureau especially without notifying me first and giving me time to resolve the issue. I disputed with credit bureau but they stated that National credit systems still says its mines and I should file a complaint with consumer finance. 
","National Credit Systems,Inc.",GA,Web,Closed with explanation,Yes,national credit system trying collect debt apartment rental owe left apartment renting final walk told good go collection credit report never notified discrepancy debt needed resolve original creditor collection agency sudden appearance credit report contacting credit agency requested documentation proof debt never received letter notification stating debt called back several time spoke believe bryan would either desk would say sending many information never sent owe debt feel fair report credit bureau especially without notifying first giving time resolve issue disputed credit bureau stated national credit system still say mine file complaint consumer finance
Debt collection,I do not know,Cont'd attempts collect debt not owed,Debt is not mine,"I called Porfolio Recovery Associates twice today to stop calling me and harassing my family. The person ( s ) name given who they were looking for was close to mine but not me. It 's happened before and I have had to go after those debt collectors for mistaking me as the person they are looking for and then harassing me even after I have proven I am not the person they are looking for. 
This company has been calling my number under a variety of caller id 's and different numbers. I have traced back to them for some time. They ring my home all hours. Today was the last straw as I have previously requested they stop calling me. I called in the XXXX today just after XXXX and requested they stop calling. They wanted to know if I was XXXX XXXX or XXXX other names of which none were. 
I told them I am familiar with their poor practices as they bought this XXXX debt for cents on the dollar just like the last company unless they are all the same just renaming themselves. The same company that called two decades ago started calling all over again and I had to file on them again. My name and number keeps getting sold to sleazebags like this who say will remove me from their list but they just sell it. 
I have had to go after XXXX for falsely accusing me as some XXXX woman they claimed was at my number but never was. 
25 years ago I took over this phone number from a male, who had it for a decade prior. He had no female associates or wives. 
I called PRA and I requested this afternoon to speak to their litigation department. I politely requested to have their mailing address and to record them but after 10 requests their attorney of representation would not give it to me. I gave her my phone number which she stated was NOT in their records.They have harassed me yet they CA N'T give me their mailing address so that I can send them a cease and desist letter??? That 's harassment also. 
I use a voice recording and call service that logs ALL calls including hangups. Several of the numbers will say PortfRecovery, or Account Services so I call them and ask them to stop calling. 

A couple of decades ago we started getting these calls. I helped the first firm ( I have the letter in a safety deposit box which I can provide if needed ) who were not to be dissuaded at first that they were close in name but it was not me nor my ss #. I wrote them a letter which I still have requesting they remove my information tied to that debt. 
PRA is now harassing me all over again. I have a spotless credit record. I am not the party they are looking for and I have requested they STOP calling me XXXX, even if it 's a different number they use, it 's the same company. I have logged their calls. 
I want no further contact by the business and that they destroy any reference to persons they associate with my number. And if they have a debt, it 's not mine as my stellar credit will attest to. They must destroy and never sell my information, address, telephone or any names they have associated with it to their subsidiaries, or sell off to. 
","Portfolio Recovery Associates, Inc.",CA,Web,Closed with explanation,Yes,called porfolio recovery associate twice today stop calling harassing family person name given looking close mine happened go debt collector mistaking person looking harassing even proven person looking company calling number variety caller id different number traced back time ring home hour today last straw previously requested stop calling called xxxx today xxxx requested stop calling wanted know xxxx xxxx xxxx name none told familiar poor practice bought xxxx debt cent dollar like last company unless renaming company called two decade ago started calling file name number keep getting sold sleazebags like say remove list sell go xxxx falsely accusing xxxx woman claimed number never year ago took phone number male decade prior female associate wife called pra requested afternoon speak litigation department politely requested mailing address record request attorney representation would give gave phone number stated recordsthey harassed yet ca nt give mailing address send cease desist letter harassment also use voice recording call service log call including hangups several number say portfrecovery account service call ask stop calling couple decade ago started getting call helped first firm letter safety deposit box provide needed dissuaded first close name s wrote letter still requesting remove information tied debt pra harassing spotless credit record party looking requested stop calling xxxx even different number use company logged call want contact business destroy reference person associate number debt mine stellar credit attest must destroy never sell information address telephone name associated subsidiary sell
Bank account or service,Other bank product/service,"Account opening, closing, or management",,"I 'm so sick of Bank Of America.constantly sneakily stealing money from their Customers! I have well over the min Balance to waive "" maintenance fees '' yet they still once in.a while.sneakily Charge me. The min balanceone should have is XXXX and I have almost XXXX. It 's ridiculous. They need to be investigated because they do this too many people knowingly! If you do n't thoroughly inspect your back statements, you may unwilling be giving your money away to them. If course back of Ameeica customer service is almost non existence as well! They give you numbers to call, mainly wrong numbers and do nothing to fix the issue 
",Bank of America,NC,Web,Closed with monetary relief,Yes,sick bank americaconstantly sneakily stealing money customer well min balance waive maintenance fee yet still ina whilesneakily charge min balanceone xxxx almost xxxx ridiculous need investigated many people knowingly nt thoroughly inspect back statement may unwilling giving money away course back ameeica customer service almost non existence well give number call mainly wrong number nothing fix issue
Mortgage,Conventional fixed mortgage,Settlement process and costs,,"A foreclosure was started in the court system on my home XX/XX/XXXX and the other party dismissed XX/XX/XXXX without prejudice and the servicing was sold to Ocwen from Litton, Ocwen started the modification nightmare with me and finally realized it was way too long of time that had lapsed so here we are over XXXX years later and they called my work and left message for me to call them. I called them back they are telling me they want to work out a resolution with me that lien is pending and that I might not necessarily have to pay the full outstanding balance that I could try for a settlement which would be subject to approval? Are you kidding me after all this time, is this a joke. 
Thank you 
",Ocwen,FL,Web,Closed with explanation,Yes,foreclosure started court system home xxxxxxxx party dismissed xxxxxxxx without prejudice servicing sold ocwen litton ocwen started modification nightmare finally realized way long time lapsed xxxx year later called work left message call called back telling want work resolution lien pending might necessarily pay full outstanding balance could try settlement would subject approval kidding time joke thank
Credit card,,Billing statement,,"I was told over the phone and I received a letter from Exxon Mobil stating that my credit card did not charge annual fees. At that time my card had a XXXX balance. XXXX month later I was charged an annual fee of {$29.00}. I did not pay pending a reversal of that fee. I was refunded {$24.00} leaving me with a balance of {$4.00} and subsequently charged a {$2.00} fee for non payment of the {$4.00} and charged another {$2.00} fee on the following month. All due to an annual fee I was told I would not incurr. They refused to refund the late fees and I was forced to close the account so as not to incurr in further fees, or forced to pay the illegal fee charge. 
",Citibank,NY,Web,Closed with non-monetary relief,Yes,told phone received letter exxon mobil stating credit card charge annual fee time card xxxx balance xxxx month later charged annual fee pay pending reversal fee refunded leaving balance subsequently charged fee non payment charged another fee following month due annual fee told would incurr refused refund late fee forced close account incurr fee forced pay illegal fee charge
Credit card,,Identity theft / Fraud / Embezzlement,,"WF CRD SVC ACCOUNT NUMBERs : XXXX XXXX/XXXX/XXXX XXXX XXXX XXXX, XXXX XXXX, IA XXXX Phone : XXXX ATTENTION TO DISPUTE DEPARTMENT : Dear Sir or Madam : I am a victim of identity theft. An identity thief used my personal information without my permission to open an account several account in my name this debt is not mine. I have enclosed proof of my identity and a copy of my Identity Theft Report. In accordance with the Fair Debt Collection Practices Act, I am asking you to stop collection proceedings against me and stop communicating with me about this debt, except as the Fair Credit Reporting Act allows. I also ask that you WF CRD SVC or any company associate with this account # XXXX and tell them the debt is the result of identity theft. I have enclosed a copy of the Federal Trade Commission 's police report Notice to Furnishers of Information. It explains your responsibilities under the Fair Credit Reporting Act ( FCRA ). The FCRA requires that debt collectors give an identity theft victim documents related to an account if the victim asks. Please send me copies of all records relating to the account, including : date account open all sign original contract including : Account applications made on paper, online, or by telephone Account statements or invoices Records of payment or charge slips Delivery addresses associated with the account Records of phone numbers used to activate or access the account Signatures on applications and accounts Investigators report Please send me a letter explaining what you have done to : WF CRD SVC or any company associate with this account that the debt is the result of identity theft Stop collection proceedings against me Stop reporting information about the debt to credit reporting companies Provide me with the records I request Thank you for your cooperation. 
Sincerely, XXXX, XXXX XXXX XXXX XXXX # XXXX XXXX XXXX/XXXX/XXXX ADDRESS XXXX XXXX XXXX XXXX XXXX XXXX, FL XXXX",Wells Fargo & Company,FL,Web,Closed with explanation,Yes,wf crd svc account number xxxx xxxxxxxxxxxx xxxx xxxx xxxx xxxx xxxx ia xxxx phone xxxx attention dispute department dear sir madam victim identity theft identity thief used personal information without permission open account several account name debt mine enclosed proof identity copy identity theft report accordance fair debt collection practice act asking stop collection proceeding stop communicating debt except fair credit reporting act allows also ask wf crd svc company associate account xxxx tell debt result identity theft enclosed copy federal trade commission police report notice furnishers information explains responsibility fair credit reporting act fcra fcra requires debt collector give identity theft victim document related account victim asks please send copy record relating account including date account open sign original contract including account application made paper online telephone account statement invoice record payment charge slip delivery address associated account record phone number used activate access account signature application account investigator report please send letter explaining done wf crd svc company associate account debt result identity theft stop collection proceeding stop reporting information debt credit reporting company provide record request thank cooperation sincerely xxxx xxxx xxxx xxxx xxxx xxxx xxxx xxxxxxxxxxxx address xxxx xxxx xxxx xxxx xxxx xxxx fl xxxx
Mortgage,FHA mortgage,"Loan servicing, payments, escrow account",,"I am writing to complain that a very important and useful institution that I use may go out of business, and they say it is because the CFPB is interefering. For many years, Nationwide Biweekly Administration took my biweekly payments and transferred them to my mortgage company, which at one time was XXXX Mortgage. When XXXX Mortgage was not properly distributing my funds and I could not get them to respond to me, NBA aided me and the problem was resolved. XXXX has since gone of out business but NBA has been there all along to help. XXXX XXXX is from Ohio, as am I, and I supported him in his elections here, and worked with his own former staff when I was a XXXX at the XXXX XXXX XXXX of Ohio. I was very happy with his success in getting this position in the Obama administration, which I have also supported. However, I am very unhappy with this situation, NBA, located in XXXX, Ohio, has been a great help to people like me who which to have their loans serviced. This is a setback which I do not appreciate. Please consider what you have done in this regard and restore NBA 's ability to work for consumers like me. Thank you. 
","Nationwide Biweekly Administration, Inc",OH,Web,Closed with explanation,Yes,writing complain important useful institution use may go business say cfpb interefering many year nationwide biweekly administration took biweekly payment transferred mortgage company one time xxxx mortgage xxxx mortgage properly distributing fund could get respond nba aided problem resolved xxxx since gone business nba along help xxxx xxxx ohio supported election worked former staff xxxx xxxx xxxx xxxx ohio happy success getting position obama administration also supported however unhappy situation nba located xxxx ohio great help people like loan serviced setback appreciate please consider done regard restore nba ability work consumer like thank
Credit card,,APR or interest rate,,"My Citi credit card is currently under penalty interest. After I made XXXX consecutive timely payments, I contacted Citi to inquire about why my interest rate has not been reduced. I was told that they review accounts every six months in XXXX and XXXX. Upon receiving my most recent statement, penalty interest is still applied to my account despite making XXXX consecutive on time payments. I contacted Citi again today and the Account Rep attempted to reduce my interest rate but the system would n't allow it saying that my account was ineligible. Despite repeated requests to provide information as to a reason why my account was ineligible for an interest rate reduction, the Account Rep was unable to provide any detail. He would state repeatedly that if the system would allow him he would have already and that his recommendation was to make two more timely payments and they could try to reduce the rate again after that. I asked if that meant that XXXX consecutive payments were required for reducing my interest rate or if that meant the system is showing my account as only having XXXX on time payments. The Account Rep denied XXXX only assuring me that he tried to reduce my interest to no avail. I ended the call to file this complaint. My understanding of the CARD Act was that penalty interest is to be removed after XXXX timely payments. To the best of my knowledge, I feel I have completed what is required of me to be cured from this interest rate and will not accept deliberate mistreatment. So, I am filing this complaint in order to expedite a solution and/or provide myself a better understanding of what the law stipulates regarding this issue. Attached is a payment history taken from my Citi account online for the on time payments from XX/XX/XXXX 
",Citibank,PA,Web,Closed with explanation,Yes,citi credit card currently penalty interest made xxxx consecutive timely payment contacted citi inquire interest rate reduced told review account every six month xxxx xxxx upon receiving recent statement penalty interest still applied account despite making xxxx consecutive time payment contacted citi today account rep attempted reduce interest rate system would nt allow saying account ineligible despite repeated request provide information reason account ineligible interest rate reduction account rep unable provide detail would state repeatedly system would allow would already recommendation make two timely payment could try reduce rate asked meant xxxx consecutive payment required reducing interest rate meant system showing account xxxx time payment account rep denied xxxx assuring tried reduce interest avail ended call file complaint understanding card act penalty interest removed xxxx timely payment best knowledge feel completed required cured interest rate accept deliberate mistreatment filing complaint order expedite solution andor provide better understanding law stipulates regarding issue attached payment history taken citi account online time payment xxxxxxxx
Debt collection,I do not know,Cont'd attempts collect debt not owed,Debt is not mine,"On XXXX, XXXX XXXX, 2015 at XXXX EDT, a debt collection agency called Enhanced Recovery Company ( ERC ), based out of XXXX XXXX Florida , XXXX tried to contact me with a robocall. The robocall did not address me by name and instead gave me a XXXX number to call and also gave me a XXXX-digit reference number. I did not have a pen handy and the information was given only XXXX before disconnecting. I checked my caller ID and it said "" private number, '' so I had no one to call back and did nothing at the time. I received a XXXX robocall from ERC on XXXX, XXXX XXXX, 2015 at XXXX EDT, this time the XXXX appeared on my caller ID. I was told to call XXXX and given a XXXX-digit reference number. I called the number demanding to know why they 're calling me since I know I do n't owe anybody anything. They asked me if my name was the person they 're trying to collect a debt from. I said no and that I did n't know this person. They apologized and promised to remove my home land line number from their list so presumably they wo n't call me again. 
",ERC,CA,Web,Closed with non-monetary relief,Yes,xxxx xxxx xxxx xxxx edt debt collection agency called enhanced recovery company erc based xxxx xxxx florida xxxx tried contact robocall robocall address name instead gave xxxx number call also gave xxxxdigit reference number pen handy information given xxxx disconnecting checked caller id said private number one call back nothing time received xxxx robocall erc xxxx xxxx xxxx xxxx edt time xxxx appeared caller id told call xxxx given xxxxdigit reference number called number demanding know calling since know nt owe anybody anything asked name person trying collect debt said nt know person apologized promised remove home land line number list presumably wo nt call
Credit reporting,,Incorrect information on credit report,Information is not mine,"THE BUREAU TRANS UNION. HAS XXXX INQUIREIES THAT WERE UNAUTHORIZED. 
COLLECTIONSNOT MINE/XXXX -PAID IN FULLXXXX XXXX-NOT MINEXXXX XXXX -NOT MINE 
","TransUnion Intermediate Holdings, Inc.",NM,Web,Closed with explanation,Yes,bureau trans union xxxx inquireies unauthorized collectionsnot minexxxx paid fullxxxx xxxxnot minexxxx xxxx mine
Mortgage,Conventional fixed mortgage,"Loan modification,collection,foreclosure",,"To Whom It May Concern : I am writing to formally request escalated assistance with my file. I do n't believe anyone thus far at SPS has properly handled my file. I became XXXX in XXXX as I was in an accident XXXX. I entrusted my brother to make my mortgage payments for me with my fixed income and he did not do that ; instead pocketed my money. If I had n't been XXXX, I would have never become behind at all. 

Seconly, I am disputing the erroneous information contained in SPS ' most recent denial letter dated XXXX/XXXX/XXXX, stating my property value is currently {$430000.00}. My property is nowhere near worth that amount and I have attached my own appraisal showing the true value of {$310000.00}, which I paid for from my own funds because I believe so highly that SPS is using an extremely inflated property valuation. I would truly appreciate it if somebody could formally re-review my package using the correct value of {$310000.00}. It should also be noted that I had sent this appraisal with my resubmission packet back in XXXX XXXX, but it seems that it was disregarded by SPS completely. I XXXX have spent money on this that I am trying to save for my mortgage if I get approved. It was hard for me to do so I would appreciate it being correctly reviewed. Please let my advocate team consisting of XXXX XXXX and/or XXXX XXXX at XXXX XXXX know if you need any further information. SPS has this information on file already, but just in case, I am again attaching my written authorization to speak with them regarding this matter. I am XXXX and it is sometimes hard for me to get out to a fax to send documents that they may already have on hand. Thank you for your attention to this matter. 
Sincerely, XXXX XXXX 
","Select Portfolio Servicing, Inc",CA,Web,Closed with explanation,Yes,may concern writing formally request escalated assistance file nt believe anyone thus far sps properly handled file became xxxx xxxx accident xxxx entrusted brother make mortgage payment fixed income instead pocketed money nt xxxx would never become behind seconly disputing erroneous information contained sps recent denial letter dated xxxxxxxxxxxx stating property value currently property nowhere near worth amount attached appraisal showing true value paid fund believe highly sps using extremely inflated property valuation would truly appreciate somebody could formally rereview package using correct value also noted sent appraisal resubmission packet back xxxx xxxx seems disregarded sps completely xxxx spent money trying save mortgage get approved hard would appreciate correctly reviewed please let advocate team consisting xxxx xxxx andor xxxx xxxx xxxx xxxx know need information sps information file already case attaching written authorization speak regarding matter xxxx sometimes hard get fax send document may already hand thank attention matter sincerely xxxx xxxx
Debt collection,"Other (i.e. phone, health club, etc.)",Cont'd attempts collect debt not owed,Debt was paid,"I have a loan with XXXX XXXX at XXXX XXXX XXXX XXXX. Pa. XXXX Their phone # is XXXX. XX/XX/XXXX I have received a message EVERYDAY on my home phone from XXXX at XXXX. His message varied about wanting to increase the loan and also stating I have not made my XX/XX/XXXX payment on time. Since I have auto pay with my bank and have never missed a payment to anyone in my life -- I basically ignore the calls. They continue. On XX/XX/XXXX I call XXXX. He says I did n't make my XX/XX/XXXX payment. I go online while he is on the phone and find the payment and and the picture of the check and stamp from XXXX. He does n't believe me-so I have to fax a copy of the cashed check to him. Then INCREDIBLY I get home and he AGAIN is on my home phone message saying that I have to now send a copy of my bank statement to show my bank took the money out of my account. I find that unbelievable but I complied. I have now sent by mail a copy of my bank statement with the check number and showing the bank cashed the check. XXXX calls ( Ihave all the messages ) -then a fax of the cashed check ( still not enough ) and finally I have to send my private bank statement to hopefully stop this harassment!!!! This co. and this employee need to be kept in check. Absolute harassment to make someone prove they paid you after I send them a copy of the check they cashed!!! 
","OneMain Financial Holdings, LLC",PA,Web,Closed with explanation,Yes,loan xxxx xxxx xxxx xxxx xxxx xxxx pa xxxx phone xxxx xxxxxxxx received message everyday home phone xxxx xxxx message varied wanting increase loan also stating made xxxxxxxx payment time since auto pay bank never missed payment anyone life basically ignore call continue xxxxxxxx call xxxx say nt make xxxxxxxx payment go online phone find payment picture check stamp xxxx nt believe meso fax copy cashed check incredibly get home home phone message saying send copy bank statement show bank took money account find unbelievable complied sent mail copy bank statement check number showing bank cashed check xxxx call ihave message fax cashed check still enough finally send private bank statement hopefully stop harassment co employee need kept check absolute harassment make someone prove paid send copy check cashed
Mortgage,Conventional adjustable mortgage (ARM),"Loan modification,collection,foreclosure",,"My home has been stolen by Wells Fargo Bank N.A . but XXXX XXXX XXXX XXXX has fraudulently used XXXX and XXXX XXXX law firm ( out of XXXX XXXX Arkansas ) to foreclose on my home. XXXX XXXX XXXX XXXX signed as the attorney in fact for Wells Fargo NA Bank on a substitute trustee filed in XXXX XXXX, TN registry of deeds. Wells Fargo has foreclosed on my home and sold it back to themselves. They never sent me XXXX bill nor responded to any of my legal requests. 
",Ocwen,TN,Web,Closed with explanation,Yes,home stolen well fargo bank na xxxx xxxx xxxx xxxx fraudulently used xxxx xxxx xxxx law firm xxxx xxxx arkansas foreclose home xxxx xxxx xxxx xxxx signed attorney fact well fargo na bank substitute trustee filed xxxx xxxx tn registry deed well fargo foreclosed home sold back never sent xxxx bill responded legal request
Debt collection,Federal student loan,Communication tactics,Frequent or repeated calls,"I have been receiving harassing phone calls from Navient. They claim they 're calling to collect a student loan debt, but I am in school and all of my loans are in deferment. I have also asked them repeatedly to stop calling my cell phone, but they refuse to stop. I was also advised today by a representative that they will continue to call me and there was nothing I can do about it. They call me everyday at least XXXX times a day, and I can not deal with it. I have tried blocking the numbers they call from on my iPhone, but the calls continue. 
","Navient Solutions, Inc.",GA,Web,Closed with explanation,Yes,receiving harassing phone call navient claim calling collect student loan debt school loan deferment also asked repeatedly stop calling cell phone refuse stop also advised today representative continue call nothing call everyday least xxxx time day deal tried blocking number call iphone call continue
Bank account or service,Checking account,Using a debit or ATM card,,"I am a current victim of Identity Fraud through use of my USAA internet checking account. I have received over {$46000.00} in banking fees and fraudulent checks and purchases made through debit purchases and funds transfers. I initially received a returned check in the amount of {$4800.00} drawn on XXXX XXXX XXXX in XXXX, payable to my name, and deposited into my bank account. -USAA offers deposit at home for some of their banking members. - This check was clearly deposited at home, and cleared by USAA. Once this check cleared, the individual decided to open numerous accounts in my name and expediting debit cards ( which the XXXX rep informed me of ). I asked for the address the cards were sent to and all she could give me was my address, that seems weird. The cards were activated and the individual immediately proceeded to make purchases. From XX/XX/XXXX-XX/XX/XXXX, about XXXX transactions were made, all in XXXX, and I live in XXXX. Many of the transactions were for the same dollar amounts indicating the same purchases. XXXX transactions at XXXX different XXXX XXXX of which were the same day, XXXX transactions at XXXX on the same day, and the rest of the transactions were debits at XXXX XXXX and XXXX XXXX. I have contacted USAA about this on 3 separate occasions with no resolve. I reached out initially when I received the returned check, informed them of situation, and was advised the account would be closed and I could never open another account. However, the damage was already done. I called again once I received numerous returned NSF statements and banking transactions. I was told someone would follow up with me, about this and advise further. Again no resolve. A month later I received a statement of collection in reference to these accounts. I immediately called USAA again to find out what is going on. What I found out, was : This person open numerous accounts online or on the phone, had each atm debit card was expedited to him, and began immediately transferring money. I spoke with this rep for at least an hour, explaining and going over every single detail. I also requested from her an email to follow up and confirm that conversation, which I have yet to receive. The XXXX most evident things, he has to be familiar with USAA processes to know what to do to open account or how to use deposit at home. I have had my savings account for over a year or so and have NEVER had more than {$100.00} in there, now I am randomly opening accounts and depositing checks. I have NEVER deposited any type of checks with USAA. And I suddenly just randomly open checking account after checking account with no RED flags from the bank. Does not make any sense, but shows the obvious flaws in USAA 's online banking. I decided to drive to the closest physical location which is an hour away. I attempted to speak to someone on person, pretty much received the same response I did on the phone. I was told I will receive a respond in XXXX business days. My next attempt is to seek counseling from an attorney, because USAA is obviously not concerned about resolving this issue. 
",USAA Savings,VA,Web,Closed with explanation,Yes,current victim identity fraud use usaa internet checking account received banking fee fraudulent check purchase made debit purchase fund transfer initially received returned check amount drawn xxxx xxxx xxxx xxxx payable name deposited bank account usaa offer deposit home banking member check clearly deposited home cleared usaa check cleared individual decided open numerous account name expediting debit card xxxx rep informed asked address card sent could give address seems weird card activated individual immediately proceeded make purchase xxxxxxxxxxxxxxxx xxxx transaction made xxxx live xxxx many transaction dollar amount indicating purchase xxxx transaction xxxx different xxxx xxxx day xxxx transaction xxxx day rest transaction debit xxxx xxxx xxxx xxxx contacted usaa separate occasion resolve reached initially received returned check informed situation advised account would closed could never open another account however damage already done called received numerous returned nsf statement banking transaction told someone would follow advise resolve month later received statement collection reference account immediately called usaa find going found person open numerous account online phone atm debit card expedited began immediately transferring money spoke rep least hour explaining going every single detail also requested email follow confirm conversation yet receive xxxx evident thing familiar usaa process know open account use deposit home saving account year never randomly opening account depositing check never deposited type check usaa suddenly randomly open checking account checking account red flag bank make sense show obvious flaw usaa online banking decided drive closest physical location hour away attempted speak someone person pretty much received response phone told receive respond xxxx business day next attempt seek counseling attorney usaa obviously concerned resolving issue
Mortgage,Conventional fixed mortgage,"Loan servicing, payments, escrow account",,"RE : XXXX Loan serviced by Seterus , Inc . 
To Whom It May Concern : I am writing to you about issues that I have with Seterus. I closed on the townhouse property XXXX XXXX 2005. Due to the market at that time, I had more than XXXX % equity in the townhouse at closing. However, I was told that I would have to pay PMI ( private mortgage insurance ) for only 2 years. As you well know the real estate market subsequently crashed. My mortgage became underwater through no fault of mine. 
Since the XXXX 2005 closing, my mortgage was bought and sold several times without my prior approval and/or prior knowledge. I have been paying PMI for 9 years and 9 months. WHY? 
","Seterus, Inc.",FL,Web,Closed with explanation,Yes,xxxx loan serviced seterus inc may concern writing issue seterus closed townhouse property xxxx xxxx due market time xxxx equity townhouse closing however told would pay pmi private mortgage insurance year well know real estate market subsequently crashed mortgage became underwater fault mine since xxxx closing mortgage bought sold several time without prior approval andor prior knowledge paying pmi year month
Mortgage,Other mortgage,"Application, originator, mortgage broker",,"In XXXX I invested my XXXX into multi-residential apartment units and financed it through PNC Bank. My loan # is XXXX, under my XXXX complaint organization called XXXX. Over the last few years I tried to refinance this loan at existing interest rates which were 3 % -5 % points lower than my existing loan at 6.75 %. XXXX of my attempts were rejected. Over the course of 8 years I 've paid XXXX of XXXX of dollars in interest but principal amount have been reduced by only $ XXXX. After the economic downturn in XXXX, the interest rates dropped and so I wanted to protect my XXXX and leverage the low interest rates, but PNC rejected my requests for refinance, and continues to charge me high interest rates. I also suspect that with the current 6.75 % interest rates, the calculations may be compounded by additional charges which I do n't understand and this could be reason why it is not making a dent to the principal balance. Since the original investment came from my XXXX I want to protect this investment, but at this time I think I am going to be losing a substantial portion of my retirement income since PNC is not ready to refinance. I am XXXX years old, and have little runway to ensure that my retirement income is protected. So need your help to ensure PNC loan practices are in line with standard financing practices, especially those that apply to XXXX investments. During the economic downturn and even to the current day, my XXXX organization, XXXX XXXX has lost money each of the last 8 years. PNC cooperation in refinancing my loan in XXXX, XXXX could have saved me XXXX of dollars in interest payment, and helped me break even at least. I 've not missed a payment on the loan since XXXX, and was hoping PNC would take this into account in refinancing my loan as early back as in XXXX, when commercial loan interest rates were falling. 
Looking for some interest rate relief and retro relief too, as a special case since my retirement investment via XXXX was designed to be my retirement income, in a couple of years time when I retire. 
",PNC Bank N.A.,IL,Web,Closed with explanation,Yes,xxxx invested xxxx multiresidential apartment unit financed pnc bank loan xxxx xxxx complaint organization called xxxx last year tried refinance loan existing interest rate point lower existing loan xxxx attempt rejected course year paid xxxx xxxx dollar interest principal amount reduced xxxx economic downturn xxxx interest rate dropped wanted protect xxxx leverage low interest rate pnc rejected request refinance continues charge high interest rate also suspect current interest rate calculation may compounded additional charge nt understand could reason making dent principal balance since original investment came xxxx want protect investment time think going losing substantial portion retirement income since pnc ready refinance xxxx year old little runway ensure retirement income protected need help ensure pnc loan practice line standard financing practice especially apply xxxx investment economic downturn even current day xxxx organization xxxx xxxx lost money last year pnc cooperation refinancing loan xxxx xxxx could saved xxxx dollar interest payment helped break even least missed payment loan since xxxx hoping pnc would take account refinancing loan early back xxxx commercial loan interest rate falling looking interest rate relief retro relief special case since retirement investment via xxxx designed retirement income couple year time retire
Debt collection,Medical,Communication tactics,Called after sent written cease of comm,"Company calls after I sent a written Cease & Desist notification. Also, robo-calls using an ATDS to my mother 's mobile. I have previously provided both the Company and its client documentation regarding my father 's death and that I am the executor for his estate and POA for my mother. 
","Jon Barry and Associates, Inc.",PA,Web,Closed with non-monetary relief,Yes,company call sent written cease desist notification also robocalls using atds mother mobile previously provided company client documentation regarding father death executor estate poa mother
Credit card,,Advertising and marketing,,"I applied to Citibank and XXXX XXXX for their Advantage Card. They promised XXXX miles and {$100.00} if I qualify. Well, my FICO score is XXXX or so, so that should n't be a problem, I figured. They did n't approve, did n't write back, did n't communicate. I asked them for a reason over my secured email for the accounts I have with them, but they failed to communicate and also what is there to communicate. They know me as their existing well paying customer. 
",Citibank,TX,Web,Closed with non-monetary relief,Yes,applied citibank xxxx xxxx advantage card promised xxxx mile qualify well fico score xxxx nt problem figured nt approve nt write back nt communicate asked reason secured email account failed communicate also communicate know existing well paying customer
Consumer Loan,Vehicle loan,Managing the loan or lease,,"Toyota sent me a letter XXXX XXXX stating that they would remove negative credit reporting that occurred on my account in XXXX XXXX. I co signed on a car loan with someone and through no fault of my own the payments were late and I was never notified of this serious delinquency, until after the negative credit reporting already occured. Despite Toyota having my phone number and home address, they chose to send me a letter more than 2 months after the account went delinquent, thus not allowing me to speak to the cosigner, or if necessary make the payments myself to get the account current. Toyota gives me this letter, advising that they were removing the marker, but the marker is never removed and on top of that, they then report me XXXX 60 days, despite the letter saying that they were taking off the 30 day and that I had no other negative reporting. I have attempted to resolve this with them to no avail for almost 6 months, and they refuse to do what I have in writing that they said they were going to do. This have severly impacted my credit and I want them to honor what they said they would do in writing. This car loan is almost paid off, and it 's unacceptable that they send me a letter that says this, then refuse to do it.",Toyota Motor Credit Corporation,PA,Web,Closed with explanation,Yes,toyota sent letter xxxx xxxx stating would remove negative credit reporting occurred account xxxx xxxx co signed car loan someone fault payment late never notified serious delinquency negative credit reporting already occured despite toyota phone number home address chose send letter month account went delinquent thus allowing speak cosigner necessary make payment get account current toyota give letter advising removing marker marker never removed top report xxxx day despite letter saying taking day negative reporting attempted resolve avail almost month refuse writing said going severly impacted credit want honor said would writing car loan almost paid unacceptable send letter say refuse
Student loan,Federal student loan servicing,Dealing with my lender or servicer,Trouble with how payments are handled,"My father submitted a payment on my behalf to Navient in order to pay off XXXX federal student loans which were taken out under my name for college back in the XXXX timeframe. The intent was to pay off these XXXX loans in full, and we made sure that we included the loan numbers and explicit instructions on how the funds should be disbursed. 
Navient applied my payment in error across all my federal student loans, as I have since taken out XXXX additional loans separately. As a result, they did not charge me for the XXXX newer loans last month. Their website showed a XXXX balance due - no other loan details, but I figured everything was okay. However when I went to make my regular payment this month, they still showed XXXX due. At this point it became apparent that they applied the funds in error to all of my loans. This does raise an additional point of contention with their "" new website '', which does not really show enough information to make informed decisions about my payments. 
I immediately called Navient customer service and explained the situation, and the service rep told me it would be resolved and there would be no past due amount. Later that week, I received notification that action had been taken. It 's currently Friday night - Navient is closed - and I logged into the website to find that I now have XXXX past due notices on my account. 
Furthermore, even though I am on a fixed monthly payment for my remaining, consolidated federal loans, they charge me an additional {$75.00} every third month for no apparent reason. The customer service representative I spoke to earlier this week explained to me that this had to do with the disposition of the loan, but could n't explain why the amount was different from the agreed upon terms of the consolidation. 
I 'm completely fed up with the servicer Navient at this point. I will continue calling them to straighten out the past due amounts and attempt to resolve the situation but I do n't feel that they are acting in good faith, in competence, and I 'm seriously concerned that they have been overcharging me even though I have never missed or made a late payment. Any help you can provide in dealing with them would be appreciated.","Navient Solutions, Inc.",MD,Web,Closed with explanation,Yes,father submitted payment behalf navient order pay xxxx federal student loan taken name college back xxxx timeframe intent pay xxxx loan full made sure included loan number explicit instruction fund disbursed navient applied payment error across federal student loan since taken xxxx additional loan separately result charge xxxx newer loan last month website showed xxxx balance due loan detail figured everything okay however went make regular payment month still showed xxxx due point became apparent applied fund error loan raise additional point contention new website really show enough information make informed decision payment immediately called navient customer service explained situation service rep told would resolved would past due amount later week received notification action taken currently friday night navient closed logged website find xxxx past due notice account furthermore even though fixed monthly payment remaining consolidated federal loan charge additional every third month apparent reason customer service representative spoke earlier week explained disposition loan could nt explain amount different agreed upon term consolidation completely fed servicer navient point continue calling straighten past due amount attempt resolve situation nt feel acting good faith competence seriously concerned overcharging even though never missed made late payment help provide dealing would appreciated
Debt collection,Payday loan,Communication tactics,Threatened to take legal action,"XXXX XXXX accused my father of being senile and not remembering walking into a loan company and taking out a loan. They threatened to take him to court and spoke to me abusively and disconnected the call. When I explained this was a mistake and not to accuse my father of something he did not do, the representative said my father was guilty until he can prove he did n't take out the loan. I was also accused of crying, which I was n't. The representative spoke over me, made threats and hung up. My father is XXXX years old, but not senile. However speaking to a person with such tactics would very likely cause harm to my father 's health.",ACE Cash Express Inc.,CA,Web,Closed with explanation,Yes,xxxx xxxx accused father senile remembering walking loan company taking loan threatened take court spoke abusively disconnected call explained mistake accuse father something representative said father guilty prove nt take loan also accused cry nt representative spoke made threat hung father xxxx year old senile however speaking person tactic would likely cause harm father health
Debt collection,I do not know,Disclosure verification of debt,Right to dispute notice not received,"I received an alert on my credit profile showing a hard inquiry has hit my credit report from a business in XXXX FL NCC. I have never received anything in the mail giving me a Chance as a consumer to dispute a debt or to prove me the debt is mine. This is unfair and unethical. This is a repeated pattern with all of the reviews I have read about this company. I contacted NCC immediately and they could n't not tell me anything. This has ruined my credit. 
","NCC Business Services, Inc.",FL,Web,Closed with explanation,Yes,received alert credit profile showing hard inquiry hit credit report business xxxx fl ncc never received anything mail giving chance consumer dispute debt prove debt mine unfair unethical repeated pattern review read company contacted ncc immediately could nt tell anything ruined credit
Bank account or service,Checking account,"Making/receiving payments, sending money",,"I contacted my bank about what I believe to be fraudulent activity on my account that I recently noticed. The banker is stating that they are unwilling to do their do diligence to investigate this matter further. They actually notified me of a security breach back in XXXX 2013 however the are unwilling to investigate that breach. Furthermore, the representative stated my banking is my responsibility. I believe my banking is the responsibility of the institution where my money is placed. Especially if my money is supposed to be backed by FDIC. The representative also stated that there are times when there are things they as a banking institution overlook. That does not sit well with me and I believe if there was something overlooked it is their responsibility to investigate what they stated was a security breach and possible fraudulent activity. The representatives I spoke to were XXXX, XXXX, and XXXX. They are unwilling to investigate because they claim I logged into my account and that I should have reported it sooner. However, they all stated I have a two year window in which to report fraudulent activity and they refuse to honor their own verbal and written agreement. Additionally, I stated that I did not want to get into my own personal/medically history but that their are reasons ( medically/personally ) why the charges may have been overlooked on my end. I but my trust in the institution where I bank to honor their agreement to keep my money safe. I do not feel safe with an institution that will not investigate fraudulent activity. 
",JPMorgan Chase & Co.,NY,Web,Closed with monetary relief,Yes,contacted bank believe fraudulent activity account recently noticed banker stating unwilling diligence investigate matter actually notified security breach back xxxx however unwilling investigate breach furthermore representative stated banking responsibility believe banking responsibility institution money placed especially money supposed backed fdic representative also stated time thing banking institution overlook sit well believe something overlooked responsibility investigate stated security breach possible fraudulent activity representative spoke xxxx xxxx xxxx unwilling investigate claim logged account reported sooner however stated two year window report fraudulent activity refuse honor verbal written agreement additionally stated want get personalmedically history reason medicallypersonally charge may overlooked end trust institution bank honor agreement keep money safe feel safe institution investigate fraudulent activity
Credit card,,Advertising and marketing,,"US Bank advertised its XXXX XXXX card with "" bonus award night exclusively for card members '' who "" enjoy all these benefits after paying {$75.00} annual fee. Relying on this advertising, we paid the annual fee, but now the bonus award night has been rescinded. 
",U.S. Bancorp,CA,Web,Closed with non-monetary relief,Yes,u bank advertised xxxx xxxx card bonus award night exclusively card member enjoy benefit paying annual fee relying advertising paid annual fee bonus award night rescinded
Credit reporting,,Incorrect information on credit report,Personal information,"iam having a problem with equifax i have called them i have written them and they just dont care iam trying to dispute some things with them when i go to the dispute site it rejects me saying iam not entering right information they ask questions that have nothing to do with me so they must have the wrong information there reporting wrong information on me and i should have the right to dispute i use XXXX with equifax and XXXX i have no problems with XXXX some help would be nice thank you 
",Equifax,NH,Web,Closed with explanation,Yes,iam problem equifax called written dont care iam trying dispute thing go dispute site reject saying iam entering right information ask question nothing must wrong information reporting wrong information right dispute use xxxx equifax xxxx problem xxxx help would nice thank
Credit reporting,,Incorrect information on credit report,Information is not mine,"I am a victim of identity theft and has filed a identity theft and police report with the XXXX XXXX Police Department. The police report case number is : XXXX, the following accounts are unauthorized, fraudulent and do n't belong to me : XXXX XXXX XXXX, XXXX XXXX, XXXX XXXX XXXX, XXXX. XXXX, XXXX XXXX XXXX , XXXX, XXXX XXXX XXXX XXXX, XXXX XXXX, XXXX XXXX XXXX XXXX, U.S. Department of Education, and XXXX.",Equifax,MN,Web,Closed with explanation,Yes,victim identity theft filed identity theft police report xxxx xxxx police department police report case number xxxx following account unauthorized fraudulent nt belong xxxx xxxx xxxx xxxx xxxx xxxx xxxx xxxx xxxx xxxx xxxx xxxx xxxx xxxx xxxx xxxx xxxx xxxx xxxx xxxx xxxx xxxx xxxx xxxx u department education xxxx
Credit reporting,,Incorrect information on credit report,Account terms,"I disputed Account # XXXX XXXX XXXX XXXX with credit reporting agencies XXXX, Exquifax and XXXX XXXX on XXXX/XXXX/2016 as soon as this account appear on my credit report. I did not receive any commucation from XXXX XXXX XXXX and I did not receive any letter of validation statement with disclosure to let me know about this account or any other account that I had open from any medical bills. Below is the respond from Equifax and XXXX The Results Of Our Reinvestigation Collection Agency Information ( This section includes accounts that have been placed for collection with a collection agency. ) XXXX We have researched the collection account. Account # XXXX The results are : We verified that this item belongs to you. If you have additional questions about this item please contact : XXXX XXXX XXXX, XXXX XXXX XXXX, XXXX CT XXXX Phone : ( XXXX ) XXXX XXXX XXXX XXXX XXXX ; Collection Reported XXXX ; Assigned XXXX ; Creditor Class XXXX XXXX ; Client XXXX XXXX XXXX XXXX ; Amount {$410.00} ; Status as of XXXX Unpaid ; Date of 1st Delinquency XXXX ; Balance as of XXXX {$410.00} ; XXXX ; Account # XXXX ; XXXX : XXXX XXXX XXXX XXXX CT XXXX : ( XXXX ) XXXX 
",Equifax,NJ,Web,Closed with explanation,Yes,disputed account xxxx xxxx xxxx xxxx credit reporting agency xxxx exquifax xxxx xxxx xxxxxxxx soon account appear credit report receive commucation xxxx xxxx xxxx receive letter validation statement disclosure let know account account open medical bill respond equifax xxxx result reinvestigation collection agency information section includes account placed collection collection agency xxxx researched collection account account xxxx result verified item belongs additional question item please contact xxxx xxxx xxxx xxxx xxxx xxxx xxxx ct xxxx phone xxxx xxxx xxxx xxxx xxxx xxxx collection reported xxxx assigned xxxx creditor class xxxx xxxx client xxxx xxxx xxxx xxxx amount status xxxx unpaid date st delinquency xxxx balance xxxx xxxx account xxxx xxxx xxxx xxxx xxxx xxxx ct xxxx xxxx xxxx
Credit reporting,,Incorrect information on credit report,Account terms,"I did n't give authorization to apply for a credit card with XXXX XXXX 
","TransUnion Intermediate Holdings, Inc.",NJ,Web,Closed with explanation,Yes,nt give authorization apply credit card xxxx xxxx
Mortgage,Other mortgage,Settlement process and costs,,"Entered into a short sale 1 month before the seller declared bankruptcy. A {$170000.00} judgement from default of a business loan. A third lien holder was assigned to the home. After the dust settled and with consent of the sellers we provided a HUD-1 to the bankruptcy trustee to move forward with the sale of the house. The cost of the house {$800000.00}. The HUD-1 represented the payoff to XXXX and XXXX mortgage holders and {$25000.00}. for removal of the lien from the judgment. This appeared to allow the short sale to move forward. Because of the HUD-1 showed funds that would be available for her creditors. The trustee petition the court to hire an attorney, then used our HUD-1 to file an adversary case ( XXXX ) to remove the judgment. After nine months we expected a revised HUD-1 with the trustee as the third party to develop and move forward with the short sale. To everybody 's surprise Nationstar the senior lien holder changed the price of the house and increased it by {$90000.00} which was way out of align with the value of the other homes. Nationstar has around {$750000.00} payoff. You could ask yourself why does n't Nationstar sell the house and just take what 's owed. Four months, after trying to negotiate a sale, we were told that Nationstar is like a bank. Unlike a real bank that requires to have percentage of cash in its reserves Nationstar uses the asset as the reserve. If the house was bought buy the previous seller at {$1000000.00}. the bank looks at its book value and compare is liability. They are {$250000.00} into the money. Immediately this property became a valuable asset to their portfolio. Nationstar uses advances through securitization of servicing agreements. Unlike XXXX and other banks Nationstar business is building a portfolio of performing assets. Nationstar had acquired a lot of properties in the last 2 years. The regulatory agencies have n't caught up. As far as this short sale is concerned Nationstar over stepped by misrepresenting to the Bankruptcy court. What 's in it for me. I am half of the HUD-1 the buyer. Half of that government document is me and Nationstar used it to remove a judgment for their own financial gain. I just wanted to buy the house. 
",Nationstar Mortgage,MD,Web,Closed with explanation,Yes,entered short sale month seller declared bankruptcy judgement default business loan third lien holder assigned home dust settled consent seller provided hud bankruptcy trustee move forward sale house cost house hud represented payoff xxxx xxxx mortgage holder removal lien judgment appeared allow short sale move forward hud showed fund would available creditor trustee petition court hire attorney used hud file adversary case xxxx remove judgment nine month expected revised hud trustee third party develop move forward short sale everybody surprise nationstar senior lien holder changed price house increased way align value home nationstar around payoff could ask nt nationstar sell house take owed four month trying negotiate sale told nationstar like bank unlike real bank requires percentage cash reserve nationstar us asset reserve house bought buy previous seller bank look book value compare liability money immediately property became valuable asset portfolio nationstar us advance securitization servicing agreement unlike xxxx bank nationstar business building portfolio performing asset nationstar acquired lot property last year regulatory agency nt caught far short sale concerned nationstar stepped misrepresenting bankruptcy court half hud buyer half government document nationstar used remove judgment financial gain wanted buy house
Debt collection,Medical,Disclosure verification of debt,Not given enough info to verify debt,"Long story which I will keep as short as possible. I received a notice on XXXX/XXXX/XXXX from my bank that my account was frozen and told to contact Riverview Law. I 've called them every single day since XXXX/XXXX/XXXX trying to get details. They had the wrong name, incorrect address, address that did not exist in the state of MN. I 've been asking for a detailed list of all notices/bills sent for a medical bill from XXXX for my XXXX XXXX XXXX son for a XXXX injury that happened when he was living with his grandparent 's in XXXX MN. They have ignored me, hung up on me and put me on hold for long periods of time. They sent me a letter stating that due to the age of the visit there was no consent form on file. This is not true. I have the records and I informed Riverview Law before this letter was sent that I had them. They also told the XXXX the same thing. They now claim that the hospital misinformed them. I 've been trying to verify the debt and have asked everyday since XXXX/XXXX/XXXX for names, dates and addresses of where these notices were sent. I did manage to get XXXX bill from XXXX XXXX XXXX dated XXXX that they send was mailed to me. I 've informed them again that the address on the bill does not exist in the state of MN. The street address is a XXXX address and the city and zip code are for an address in northern MN. I 've offered to work directly with the hospital regarding this matter since I do n't feel that Riverview Law is honest and forthcoming with information in my attempts to resolve this matter. They said is does not matter if the information is not correct, they have a judgment and can legal garnish my bank account. I 've told them many times that I never knew about this and how was it fair that I have to pay over what the original debt is because both XXXX XXXX XXXX and Riverview Law did not do their due diligence in properly informing me of this matter. If I was informed like they are saying I was why is it that they have a wrong last name for me, an incorrect/not vaild phone number and an address that can be verified by the XXXX XXXX XXXX as non-valid in the state of MN. They also just told the XXXX that half a dozen notices were sent to me at my current address between XXXX. I was told by the hospital that Riverview Law did not have this file until XXXX. I questioned how they can make that statement since they did not have this debt at that time. I also have proof that I did not live at my current address until XXXX/XXXX/XXXX so how is it that they sent notices to an address that I did not live at until after the time period they are referring to. There are many complaints out there regarding the tactics regarding Riverview Law and my story is very similar. I do n't believe that I was ever properly notified by Riverview Law regarding this debt. In my dealing with them everyday since XXXX/XXXX/XXXX, I have records to prove that they have lied about the information that is out there regarding this debt. 
","Riverview Law Office, PLLC",MN,Web,Closed with explanation,Yes,long story keep short possible received notice xxxxxxxxxxxx bank account frozen told contact riverview law called every single day since xxxxxxxxxxxx trying get detail wrong name incorrect address address exist state mn asking detailed list noticesbills sent medical bill xxxx xxxx xxxx xxxx son xxxx injury happened living grandparent xxxx mn ignored hung put hold long period time sent letter stating due age visit consent form file true record informed riverview law letter sent also told xxxx thing claim hospital misinformed trying verify debt asked everyday since xxxxxxxxxxxx name date address notice sent manage get xxxx bill xxxx xxxx xxxx dated xxxx send mailed informed address bill exist state mn street address xxxx address city zip code address northern mn offered work directly hospital regarding matter since nt feel riverview law honest forthcoming information attempt resolve matter said matter information correct judgment legal garnish bank account told many time never knew fair pay original debt xxxx xxxx xxxx riverview law due diligence properly informing matter informed like saying wrong last name incorrectnot vaild phone number address verified xxxx xxxx xxxx nonvalid state mn also told xxxx half dozen notice sent current address xxxx told hospital riverview law file xxxx questioned make statement since debt time also proof live current address xxxxxxxxxxxx sent notice address live time period referring many complaint regarding tactic regarding riverview law story similar nt believe ever properly notified riverview law regarding debt dealing everyday since xxxxxxxxxxxx record prove lied information regarding debt
Debt collection,"Other (i.e. phone, health club, etc.)",Improper contact or sharing of info,Talked to a third party about my debt,"Hillcrest Davidson & Associates contacted my mother ( XXXX Party ) about a frivolous claim that I formally disputed and have not been provided backup or documentaion on. 

1. Disclosed detailed information about disputed claim including slanderous allegations of fraud. 
2. Obtained the contact information illegally from an employer ' s emergency contact information. 
3. Continously harrasing XXXX party after being asked not to ( In writting ) on several occasions.",Hillcrest Davidson & Assoc,CA,Web,Closed,Yes,hillcrest davidson associate contacted mother xxxx party frivolous claim formally disputed provided backup documentaion disclosed detailed information disputed claim including slanderous allegation fraud obtained contact information illegally employer emergency contact information continously harrasing xxxx party asked writting several occasion
Mortgage,Conventional fixed mortgage,"Loan modification,collection,foreclosure",,"I filed for a loan modification with Chase sometime in XXXX and Iwas called several times by Chase for the same documents overand over again. Then when all my documents were finally in andwent to be processed, I was denied a modification. I lost myjob, so I am not earning the money I use to make, but I amemployed or underemployed as the bank likes to call it. I do n't feellike I was helped enough, but given a rushed solution of doing ashort sale. I want to stay in my home if possible. Thank you. 
",JPMorgan Chase & Co.,IL,Web,Closed with explanation,Yes,filed loan modification chase sometime xxxx iwas called several time chase document overand document finally andwent processed denied modification lost myjob earning money use make amemployed underemployed bank like call nt feellike helped enough given rushed solution ashort sale want stay home possible thank
Student loan,Non-federal student loan,Can't repay my loan,Can't get flexible payment options,"Hello-I need your help, I am being treated very unfairly by a student loan company called Navient. I feel as if they are committing fraud or that they have been ripping me off. This is regarding my private student loan accounts I have with them. Recently the accounts went from XXXX to Navient. My private loans total around {$14000.00}. My payments were on an interest only plan for quite sometime due to me extending my payments off until I could not anymore due to financial struggles. Meaning I paid only interest every month for years, not one dollar was going to my principle which I understood. Navient then tells me the interest loan repayment plan was over, and my payments would start going to my principle. When I got my monthly bill statement I noticed it increased from XXXX to XXXX. I called them immediately and told them I was a single mother of XXXX children and could not pay the full amount with the new increase. I told them I could not afford it and I needed them to work with me to get it down to what was paying which was XXXX. They went from one customer service agent to another, then to the supervisor because each one of them told me the same thing, they could not do anything for me. The supervisor told me the same thing as well, I had to pay the XXXX a month. I then asked lets say I was able to pay the XXXX a month thinking well I have already finished paying the interest only payments for a couple years maybe I will now be paying a lot more towards my principle, and finish soon, nope. ..he starts to tell me the contrary, that he calculated XXXX would go to interest and the rest to my principal, and according to his calculations the pay off time would be in 2028, 13 years from now. I explained once again my financial struggles and still he went on to tell me I should make my payment every month even if it is the {$150.00} or else they could garnish my checks. I told him how do you expect for me to pay your company the {$150.00} I can afford if your telling me that would not even cover my monthly accrual interest? I told him I would never finish paying you guys off then. He told me he understood but that there was nothing he could do for me and that I had agreed to all of it when the loan was given. Do you guys think this is fair? To make monthly payments of XXXX for the rest of my life and never have one dollar go to my principle? I need help, please refer me to someone, I am desperate. Thank you for your time. 

XXXX XXXX 
","Navient Solutions, Inc.",WA,Web,Closed with explanation,Yes,helloi need help treated unfairly student loan company called navient feel committing fraud ripping regarding private student loan account recently account went xxxx navient private loan total around payment interest plan quite sometime due extending payment could anymore due financial struggle meaning paid interest every month year one dollar going principle understood navient tell interest loan repayment plan payment would start going principle got monthly bill statement noticed increased xxxx xxxx called immediately told single mother xxxx child could pay full amount new increase told could afford needed work get paying xxxx went one customer service agent another supervisor one told thing could anything supervisor told thing well pay xxxx month asked let say able pay xxxx month thinking well already finished paying interest payment couple year maybe paying lot towards principle finish soon nope start tell contrary calculated xxxx would go interest rest principal according calculation pay time would year explained financial struggle still went tell make payment every month even else could garnish check told expect pay company afford telling would even cover monthly accrual interest told would never finish paying guy told understood nothing could agreed loan given guy think fair make monthly payment xxxx rest life never one dollar go principle need help please refer someone desperate thank time xxxx xxxx
Debt collection,"Other (i.e. phone, health club, etc.)",Communication tactics,Threatened to take legal action,"Continuous calls from Cooper Hauffman & Klein. I have been ignoring their calls for months after my request for a debt validation letter was ignored. They continue to call and harass me multiple times per day. They use foul language, threatening tactics and will not stop despite my verbal request that all communication be by postal mail. 
",Cooper Hoffman Klein Associates,IL,Web,Closed with explanation,Yes,continuous call cooper hauffman klein ignoring call month request debt validation letter ignored continue call harass multiple time per day use foul language threatening tactic stop despite verbal request communication postal mail
Credit reporting,,Incorrect information on credit report,Reinserted previously deleted info,"On XXXX XXXX, I logged into my XXXX account to check my credit score which I do weekly and it reflected that TransUnion had removed XXXX inquiries from my credit report. It ultimately made my credit score go up. Now on XXXX XXXX, I went back to check my credit score because I had paid some credit cards down I knew my credit score would be going up but to my surprise my score had dropped XXXX points because those same XXXX inquires that were once removed were now back on my credit report. I do n't know if it is the error of TransUnion or XXXX XXXX but it made my score drastically go down. I am trying to purchase a home and now this is he derive me from doing so and I 'm just trying to understand why they were removed just to be put back and then affected my score.","TransUnion Intermediate Holdings, Inc.",PA,Web,Closed with non-monetary relief,Yes,xxxx xxxx logged xxxx account check credit score weekly reflected transunion removed xxxx inquiry credit report ultimately made credit score go xxxx xxxx went back check credit score paid credit card knew credit score would going surprise score dropped xxxx point xxxx inquires removed back credit report nt know error transunion xxxx xxxx made score drastically go trying purchase home derive trying understand removed put back affected score
Credit card,,Billing disputes,,"I have a XXXX Rewards Card that was initially issued by XXXX Bank. I think that in the middle of last month, XXXX 2015, the card was taken over by Synchrony Bank. XXXX Bank sent me a statement at the beginning of XXXX telling me to send payment of at least {$25.00} to XXXX by XXXX XXXX. On XXXX XXXX, my bank sent XXXX an online payment of {$700.00} which is how I 've paid that bill for years. I went to XXXX 's website the next week to see if the payment had been made, but the XXXX Card had been removed. On XXXX XXXX, I received an email from Synchrony Bank telling me that I could access my account on their website. I did and found that the {$700.00} payment had not been credited. I called Synchrony the next day, XXXX XXXX, and they said they had no record of the {$700.00} payment. They also said I had to make a payment by XXXX XXXX or I 'd be charged a late fee. I called XXXX, which recieved the payment from my bank and they said they had no record of it. I also called my bank, XXXX XXXX XXXX XXXX, which sent me the wire receipts showing the funds being wired to XXXX. 
Yesterday, XXXX XXXX, Synchrony Bank charged me a late fee. My credit union is investigating what happened to the payment and calling me with updates, but neither it, XXXX, or Synchrony know where my {$700.00} went. 
",Synchrony Financial,MO,Web,Closed with explanation,Yes,xxxx reward card initially issued xxxx bank think middle last month xxxx card taken synchrony bank xxxx bank sent statement beginning xxxx telling send payment least xxxx xxxx xxxx xxxx xxxx bank sent xxxx online payment paid bill year went xxxx website next week see payment made xxxx card removed xxxx xxxx received email synchrony bank telling could access account website found payment credited called synchrony next day xxxx xxxx said record payment also said make payment xxxx xxxx charged late fee called xxxx recieved payment bank said record also called bank xxxx xxxx xxxx xxxx sent wire receipt showing fund wired xxxx yesterday xxxx xxxx synchrony bank charged late fee credit union investigating happened payment calling update neither xxxx synchrony know went
Debt collection,Credit card,Cont'd attempts collect debt not owed,Debt is not mine,"We have had d2 management call twice and attempt to collect debt from my wife that she has never had. The company claims the credit card was started through a XXXX XXXX XXXX, a XXXX card they stated was opened on XX/XX/XXXX and closed the following year, claiming "" she made payments on the account from her bank ''. The first call stated she owed {$550.00}. Thinking this was from a recent store card she had opened in XX/XX/XXXX, she called the store credit card directly and verified that there was no balance on the card ( this is the first credit card she has ever opened, only ever having a debit card ). She called the collection agency back. When she refused to set up a payment plan, she was connected to the manager who stated she owed {$350.00}. They listed off her previous residence, gave her maiden name, and the manager even listed off her social security number in full, without verification, to me ( her husband ). They made statements that credit cards do n't always report to credit reports or that it might not show up on a credit report since it had been 8 years. They were adamant that there was no possible fraud involved on the account. They were each extremely pushy and would not listen to what we said, would not reveal their client ( seeing as this bank was bought out by XXXX XXXX and no longer exists ), said only that they were a collection agency and insisted that my wife had opened this account. She has never been contacted by XXXX XXXX. This is the first time we have heard anything on this "" debt ''. We have checked credit scores multiple times in the past eight years and have not seen any sign of fault or no payment pertaining to any credit card. They were threatening that they would report us to the IRS as a XXXX unreported income. No current information was provided by my wife or myself to the debt collection agency on either of these calls as to current address, last name, or any bank account information. They called from ( XXXX ) XXXX which is a XXXX area code but stated they were calling from XXXX, that the local number was for phone numbers that do not have long distance service or only have a pay-as-you-go phone. They stated multiple times the legal disclaimer that they were seeking to collect on debt and that anything we said could be used to that means, that everything we said would be recorded for customer service and training purposes even using this to keep us from speaking. 
",D2 Management LLC,OK,Web,Closed with explanation,Yes,management call twice attempt collect debt wife never company claim credit card started xxxx xxxx xxxx xxxx card stated opened xxxxxxxx closed following year claiming made payment account bank first call stated owed thinking recent store card opened xxxxxxxx called store credit card directly verified balance card first credit card ever opened ever debit card called collection agency back refused set payment plan connected manager stated owed listed previous residence gave maiden name manager even listed social security number full without verification husband made statement credit card nt always report credit report might show credit report since year adamant possible fraud involved account extremely pushy would listen said would reveal client seeing bank bought xxxx xxxx longer exists said collection agency insisted wife opened account never contacted xxxx xxxx first time heard anything debt checked credit score multiple time past eight year seen sign fault payment pertaining credit card threatening would report u irs xxxx unreported income current information provided wife debt collection agency either call current address last name bank account information called xxxx xxxx xxxx area code stated calling xxxx local number phone number long distance service payasyougo phone stated multiple time legal disclaimer seeking collect debt anything said could used mean everything said would recorded customer service training purpose even using keep u speaking
Student loan,Non-federal student loan,Dealing with my lender or servicer,Received bad information about my loan,"I was attempting to attend XXXX in 2007. I was told I qualified for financial assistance. I was not told that it was student loans. There were many papers I was told to sign but I did n't fill any of it out, just told that they were all for administration. Now I have received paperwork for a private loan I did n't know I had that XXXX had taken out in my name for classes that were not attended. I had consolidated all of the loans that I was aware I had from Sallie Mae into the XXXX program. Now I am being sued for a loan I had no idea existed. I called the company holding the debt now and I have n't been able to find out when the loan went into default. I only have the original application that was n't filled out by me. Now this lawyer 's office wants me to come up with a pay off amount of over {$4500.00} in order to stop the process of them suing me. I do n't have that kind of money for a loan I did n't know existed.","Navient Solutions, Inc.",MA,Web,Closed with explanation,Yes,attempting attend xxxx told qualified financial assistance told student loan many paper told sign nt fill told administration received paperwork private loan nt know xxxx taken name class attended consolidated loan aware sallie mae xxxx program sued loan idea existed called company holding debt nt able find loan went default original application nt filled lawyer office want come pay amount order stop process suing nt kind money loan nt know existed
Debt collection,"Other (i.e. phone, health club, etc.)",Disclosure verification of debt,Not given enough info to verify debt,"Enchanced Recovery is violating the Fair Credit Reporting Act. I had an account with XXXX XXXX XXXX back in XX/XX/XXXX. I had an issue with XXXX XXXX. They were supposed to make a website for my business and never completed the task. I disputed this in XX/XX/XXXX through XX/XX/XXXX. Enhanced Recovery bought the debt and despite many requests have never validated the debt with us. Now they continue to report the debt even though they can not prove we owe it and it is past 7 years FCRA rules. 
",ERC,CA,Web,Closed with non-monetary relief,Yes,enchanced recovery violating fair credit reporting act account xxxx xxxx xxxx back xxxxxxxx issue xxxx xxxx supposed make website business never completed task disputed xxxxxxxx xxxxxxxx enhanced recovery bought debt despite many request never validated debt u continue report debt even though prove owe past year fcra rule
Debt collection,Credit card,Cont'd attempts collect debt not owed,Debt is not mine,"BELOW IS THE EXCERPT FROM THE LAST CORRESPONDENCE I SENT TO MIDLAND : The last correspondence I sent your company dated XXXX XXXX, 2015 pertained to a demand for validation. Your company 's response dated XXXX failed to provide me validation of the account and at the same time you have persevered with reporting the account on my credit report. Additionally, instead of a collection account with a charged-off amount, the account is being reported as an open past due account, to make it illicitly appear as an installment account in an effort to have a greater negative impact on my credit score. This is a blatant violation of the Fair Credit Reporting Act and the Fair Debt Collection Practices Act ( FDCPA Sec 809 ). Hence, I hereby declare my intent to bring suit against your company under the regulations, due to your continued collection activity and failure to remove the account from my credit report. 
",Encore Capital Group,VA,Web,Closed with non-monetary relief,Yes,excerpt last correspondence sent midland last correspondence sent company dated xxxx xxxx pertained demand validation company response dated xxxx failed provide validation account time persevered reporting account credit report additionally instead collection account chargedoff amount account reported open past due account make illicitly appear installment account effort greater negative impact credit score blatant violation fair credit reporting act fair debt collection practice act fdcpa sec hence hereby declare intent bring suit company regulation due continued collection activity failure remove account credit report
Debt collection,Medical,Disclosure verification of debt,Not given enough info to verify debt,"received notice from collection agency with no information of original account or product. Called them, put on hold then sent to message center but their mail box was full and was disconnected. Amount is only {$5.00} so seems like fraud -- too small amount to worry about so pay it may be desired response.? 
",Transworld Systems Inc.,CA,Web,Closed with explanation,Yes,received notice collection agency information original account product called put hold sent message center mail box full disconnected amount seems like fraud small amount worry pay may desired response
Credit card,,Identity theft / Fraud / Embezzlement,,"Fraudulent charges were made on my Macy 's card XXXX 2015. Despite repeated phone conversations and documents filed, the Macy 's credit department continues to treat us as deadbeats, and they call us repeatedly for payment. Each time we talk to the fraud department, they claim they have no knowledge of our dispute. This week marks the third time we have sent in a fraud claim form.",Citibank,TX,Web,Closed with monetary relief,Yes,fraudulent charge made macy card xxxx despite repeated phone conversation document filed macy credit department continues treat u deadbeat call u repeatedly payment time talk fraud department claim knowledge dispute week mark third time sent fraud claim form
Debt collection,Mortgage,Taking/threatening an illegal action,Seized/Attempted to seize property,"My account was reassigned to this company effective XXXX 2015. When I XXXX received their bill notice, it stated I was 90 days over due. When I phoned & spoke with a person, I informed them that my account was just reassigned as of this month. They kept telling me I was 90 days behind. I paid the balance on XXXX, and I recently received a bill with an outstanding balance and added charges. A person arrived to my residence today, XXXX & handed me a note to call mortgage company. It was the wrong mortgage company. He started to take pictures of my residence. This debt collection company is acting as if I have not paid the balance due. They have initiated steps towards a "" foreclosure '' on my residence. 
",Specialized Loan Servicing LLC,CA,Web,Closed with explanation,Yes,account reassigned company effective xxxx xxxx received bill notice stated day due phoned spoke person informed account reassigned month kept telling day behind paid balance xxxx recently received bill outstanding balance added charge person arrived residence today xxxx handed note call mortgage company wrong mortgage company started take picture residence debt collection company acting paid balance due initiated step towards foreclosure residence
Mortgage,Conventional fixed mortgage,Settlement process and costs,,"XXXX/XXXX/XXXX Nationstar Mortgage XXXX XXXX XXXX XXXX XXXX, Texas XXXX Thank you for the copies of the loan modification. As you can see or should be able to see, this is only a copy of the XXXX Trail Period '' XXXX had put us on and then extended it for approximately a year or better. 
So the papers you sent me are not what I asked for or have been asking for. I am looking for the completed modification with all the documentation on how we went from a fixed 30 year interest of XXXX and why it increased to XXXX last XXXX, XXXX, and is going up to XXXX this XXXX XXXX. I know that this is still a relatively low interest rate, but going up 2 % is a hardship on us when my mom is on a fixed income of Social Security and my take home pay is less than when I started my job six years ago because of the increase in cost of my share of my portion of my health insurance. I know this is not your problem and that you really do n't care. My point is that by law I have a right to see these documents and I ca n't tell you the number of times I have called and requested them and you keep sending me a copy of the trial period and not the finalized modification. I want to see in writing please how it was decided that my interest rate would go up, the number of points that were added, how much was charged for doing the modification and if the balance of the difference between our regular mortgage payment and the trial modification was added back into the loan. We never received a copy of this and like any other financial institution if you are refinancing, having a closing or taking out a loan, all parties should see the documents and agree to the terms and conditions. Until I receive a copy of the documents, I can not agree to the increase to 4.75 %. 
I feel I have been very patient in this matter, but I am very frustrated. I have spoken to so many of your customer service representatives, the one I 'll never forget is the XXXX XXXX said it was none of my business on how the figures were arrived at. And the other XXXX was a written correspondence from Nationstar saying an audit was done on my file and everything checked out fine, but then why ca n't I get a copy of what I 'm looking for? I 'm wondering if anyone else has these issues or am I just the lucky XXXX. 
I hope the next correspondence I receive from you is what I am requesting. 
I have been trying to get a straight answer from you for years and since you have yet to supply me with the documents I am requesting, I feel you are hiding something like it 's a predatory loan. The only signature on file for us is the trial modification. We never signed thee final modification and that 's why we have n't received it. 

Sincerely, XXXX XXXX",Nationstar Mortgage,CT,Web,Closed with explanation,Yes,xxxxxxxxxxxx nationstar mortgage xxxx xxxx xxxx xxxx xxxx texas xxxx thank copy loan modification see able see copy xxxx trail period xxxx put u extended approximately year better paper sent asked asking looking completed modification documentation went fixed year interest xxxx increased xxxx last xxxx xxxx going xxxx xxxx xxxx know still relatively low interest rate going hardship u mom fixed income social security take home pay less started job six year ago increase cost share portion health insurance know problem really nt care point law right see document ca nt tell number time called requested keep sending copy trial period finalized modification want see writing please decided interest rate would go number point added much charged modification balance difference regular mortgage payment trial modification added back loan never received copy like financial institution refinancing closing taking loan party see document agree term condition receive copy document agree increase feel patient matter frustrated spoken many customer service representative one never forget xxxx xxxx said none business figure arrived xxxx written correspondence nationstar saying audit done file everything checked fine ca nt get copy looking wondering anyone else issue lucky xxxx hope next correspondence receive requesting trying get straight answer year since yet supply document requesting feel hiding something like predatory loan signature file u trial modification never signed thee final modification nt received sincerely xxxx xxxx
Mortgage,Conventional fixed mortgage,"Loan servicing, payments, escrow account",,"Chase will not release the remaining funds from the insurance settlement I received as a result of storm damage my home received last winter. The amount they are holding is approximately XXXX. The give me inconsistent answers as to why they are holding back the funds. 
",JPMorgan Chase & Co.,MA,Web,Closed with explanation,Yes,chase release remaining fund insurance settlement received result storm damage home received last winter amount holding approximately xxxx give inconsistent answer holding back fund
Mortgage,FHA mortgage,"Application, originator, mortgage broker",,"The lender iMortgage provided false information on my FHA loan ( 5 year ARM ) which was closed last XXXX XXXX. I was told that I would get the balance of the upfront PMI refunded when I do a refi. The upfront PMI was {$7600.00} for 3 years and I would get the remaining balance refunded depending on when the refi is done. That did not happen. 

I was in the process of applying for the refi with a different lender in XXXX this year ( XXXX ) when I decided to check again with iMortgage and they confirmed that I would get the refund. I also asked them if i had to refi into another FHA loan in order to get the refund and they said I did not, it was not a requirement. I of course trusted their knowledge of the loan rules, regulations, programs and whatnot, so I went with a 30 year fixed conventional. Since iMortgage assured me of the upfront PMI refund from HUD, which would have been a little over $ XXXX, I decided to buy down points on the refi. The buy down costed me about $ XXXX. 

After months of not seeing anything from HUD, I asked iMortgage again and they assured me that it was coming soon. It was not until this XXXX XXXX that I XXXX around and found the contact number for HUD and called them. HUD informed me that the refund program had ended on XXXX XXXX, XXXX, and in order to get a refund after that date, it is required that the refi is with another FHA loan. I then emailed iMortgage on XXXX XXXX asking for explanation and what options I may have, but have not received a response since. 

If I had known the upfront PMI is not refundable I would have gone with other options and for sure would have not bought down points on the refi, or even look into refinancing another FHA loan. We have been saving every penny for this house and had budgeted with the refund in mind, so now we are out $ XXXX really hurts. I have all the email conversations with iMortgage regarding the upfront PMI refund saved and ready to provide as proof. 

Please let us know what options we have. Your assistance is greatly appreciated. 

Thank you! 
",LoanDepot,CA,Web,Closed with explanation,Yes,lender imortgage provided false information fha loan year arm closed last xxxx xxxx told would get balance upfront pmi refunded refi upfront pmi year would get remaining balance refunded depending refi done happen process applying refi different lender xxxx year xxxx decided check imortgage confirmed would get refund also asked refi another fha loan order get refund said requirement course trusted knowledge loan rule regulation program whatnot went year fixed conventional since imortgage assured upfront pmi refund hud would little xxxx decided buy point refi buy costed xxxx month seeing anything hud asked imortgage assured coming soon xxxx xxxx xxxx around found contact number hud called hud informed refund program ended xxxx xxxx xxxx order get refund date required refi another fha loan emailed imortgage xxxx xxxx asking explanation option may received response since known upfront pmi refundable would gone option sure would bought point refi even look refinancing another fha loan saving every penny house budgeted refund mind xxxx really hurt email conversation imortgage regarding upfront pmi refund saved ready provide proof please let u know option assistance greatly appreciated thank
Credit reporting,,Incorrect information on credit report,Account status,XXXX XXXX XXXX XXXX reported around 6 late payments while all my payments and current and no late since they approved my loan Modification. I have documents showing my loan commencement with XXXX XXXX XXXX XXXX. My first modified payment began XXXX/XXXX/2014 and others payments required by XXXX XXXX XXXX XXXX were done onXX/XX/XXXX/XX/XX/XXXX XX/XX/XXXX XX/XX/XXXX and XX/XX/2014 in the amount of {$1400.00} each month and on time,"TransUnion Intermediate Holdings, Inc.",FL,Web,Closed with explanation,Yes,xxxx xxxx xxxx xxxx reported around late payment payment current late since approved loan modification document showing loan commencement xxxx xxxx xxxx xxxx first modified payment began xxxxxxxx others payment required xxxx xxxx xxxx xxxx done onxxxxxxxxxxxxxxxx xxxxxxxx xxxxxxxx xxxx amount month time
Debt collection,I do not know,Cont'd attempts collect debt not owed,Debt is not mine,"I received XXXX phone calls on my home and cell phone number. I returned XXXX calls, verified that it was a different person with the same first and last name ( but different middle name, birth date, etc. ) On each phone call asked them to cease contacting me. Received XXXX a letter demanding payment. Called again and asked to be removed. 
","FAIR COLLECTIONS & OUTSOURCING, INC.",MA,Web,Closed with explanation,Yes,received xxxx phone call home cell phone number returned xxxx call verified different person first last name different middle name birth date etc phone call asked cease contacting received xxxx letter demanding payment called asked removed
Payday loan,Payday loan,Charged fees or interest I didn't expect,Charged fees or interest I didn't expect,"This loan has a XXXX APR I 'm pay XXXX every two weeks for one year on a XXXX loan I tried paying them off early only to get the run around as if the phone had a bad connection and I tried going online to pay them off and they said I could because I still had two more days before my due date and that I could n't use another debit card to pay off the loan 
","Big Picture Loans, LLC",GA,Web,Closed with explanation,Yes,loan xxxx apr pay xxxx every two week one year xxxx loan tried paying early get run around phone bad connection tried going online pay said could still two day due date could nt use another debit card pay loan
Credit reporting,,Improper use of my credit report,Report improperly shared by CRC,"Disputed unauthorized inquiry on my credit reports ; Equifax & XXXX stated I needed to send letter to company who placed inquiry and state it was fraudulent and request removal. Sent letter to XXXX and XXXX stated it was for review process ; but did n't open account until XX/XX/XXXX. Inquiries are for XX/XX/XXXX, XX/XX/XXXX, & XX/XX/XXXX XXXX was for XXXX XXXX. Never requested credit from company those dates. 
",Equifax,GA,Web,Closed with explanation,Yes,disputed unauthorized inquiry credit report equifax xxxx stated needed send letter company placed inquiry state fraudulent request removal sent letter xxxx xxxx stated review process nt open account xxxxxxxx inquiry xxxxxxxx xxxxxxxx xxxxxxxx xxxx xxxx xxxx never requested credit company date
Credit card,,APR or interest rate,,"I have had a credit card with CitiBank since XX/XX/XXXX. Unfortunately, I missed the first payment because I was not accustomed to having another payment, and they raised the interest to the penalty rate 29.99 %. From that point XX/XX/XXXX, I have had on time payments. They have only reduced my interest rate to 28.74 %. When I questioned them, they said it was their prerogative when to lower it. 
I thought after 6 months of consecutive on time payments they had to return it back to the pre penalty interest rate? They refuse to talk to me, and only direct me to "" send it in writing '' to a generic PO Box address.",Citibank,TX,Web,Closed with non-monetary relief,Yes,credit card citibank since xxxxxxxx unfortunately missed first payment accustomed another payment raised interest penalty rate point xxxxxxxx time payment reduced interest rate questioned said prerogative lower thought month consecutive time payment return back pre penalty interest rate refuse talk direct send writing generic po box address
Credit card,,Advertising and marketing,,"I was coerced into opening a new account with american express with misleading signup offers. The offer completely contradicted what was actually offered ( nothing at all ). I have contacted amex to resolve and they pointed out another offer, and did not address my concerns directly at all. 

Fraudulent marketing specifically to mislead consumers. 
",Amex,FL,Web,Closed with explanation,Yes,coerced opening new account american express misleading signup offer offer completely contradicted actually offered nothing contacted amex resolve pointed another offer address concern directly fraudulent marketing specifically mislead consumer
Debt collection,"Other (i.e. phone, health club, etc.)",Cont'd attempts collect debt not owed,Debt is not mine,"This company is charging me for a debt that is not mine. I had a lease with my wife, we separated finished our lease she renewed by herself I never signed anything and I guess she broke the lease and now this company has a collection on my credit report which is wrong. I need help as I tried to resolve myself and could n't even obtain the validation",Rent Recovery Solutions,MO,Web,Closed with explanation,Yes,company charging debt mine lease wife separated finished lease renewed never signed anything guess broke lease company collection credit report wrong need help tried resolve could nt even obtain validation
Payday loan,Payday loan,Can't contact lender,Can't contact lender,"For the last three months I have been harassed by Portfolio Recovery Associates alleging that I owe a payday loan from XXXX. I have no knowledge, no paperwork, no site information or no loan number of this payday loan they allege in the amount of {$300.00}. Secondly, the statute of limitations has expired in California for them to collect on this "" alleged '' debt. I have sent them a cease and desist letter, yet they keep calling my home and my daughter 's cell phone. Apparently the lawsuit executed by CFPB against them has not worked as they are still using false and erroneous information and threat tactics ( they threatened me over the phone with a "" warrant '' ) to get money that they can not even prove that I owe. And even if I did owe it, ( I 'm not saying that I did owe it ), the statute of limitations to collect on debts in California is 4 years. We also declared Chapter XXXX bankruptcy in XXXX, which was discharged XXXX/XXXX/XXXX. 
","Portfolio Recovery Associates, Inc.",CA,Web,Closed with explanation,Yes,last three month harassed portfolio recovery associate alleging owe payday loan xxxx knowledge paperwork site information loan number payday loan allege amount secondly statute limitation expired california collect alleged debt sent cease desist letter yet keep calling home daughter cell phone apparently lawsuit executed cfpb worked still using false erroneous information threat tactic threatened phone warrant get money even prove owe even owe saying owe statute limitation collect debt california year also declared chapter xxxx bankruptcy xxxx discharged xxxxxxxxxxxx
Credit card,,Other,,"On XXXX XXXX, 2016 XXXX submited a credit inquiry on my behalf unauthorized. I found out about the pull on my credit as I am in the process of purchasing a home and going through the mortgage process. I did not know what "" XXXX '' was, but 5 minutes of diligence turned up a result that it was PayPal Credit and that the CFPB had taken action against PayPal Credit for similar practices within the last year. They do not seem to have ceased making unauthorized credit inquiries and I am concerned about the impact it will have on my mortgage application process. I do not currently know the damage but it could be significant if the rates on my mortgage increase based on the decreased credit score. 
","PayPal Holdings, Inc.",TX,Web,Closed with explanation,Yes,xxxx xxxx xxxx submited credit inquiry behalf unauthorized found pull credit process purchasing home going mortgage process know xxxx minute diligence turned result paypal credit cfpb taken action paypal credit similar practice within last year seem ceased making unauthorized credit inquiry concerned impact mortgage application process currently know damage could significant rate mortgage increase based decreased credit score
Debt collection,Medical,Cont'd attempts collect debt not owed,Debt was discharged in bankruptcy,"They were to remove this from my credit and are reporting it to XXXX 
","Commonwealth Financial Systems, Inc.",IL,Web,Closed with explanation,Yes,remove credit reporting xxxx
Debt collection,"Other (i.e. phone, health club, etc.)",Cont'd attempts collect debt not owed,Debt is not mine,"I have a relatively new phone number. The company cross-referenced my number to an old XXXX debt that is not mine. 
I have explained to the caller, twice, that this is not my debt and that they have the wrong person. Once I gave them that information I stopped communicating with them. They call everyday and leave a message that I owe money to them that I used to owe to XXXX. That they have been authorized by XXXX to collect and that I need to call them back and pay up. 
The name of the company is : Enhanced Recovery Systems,XXXX XXXX XXXX, XXXX , FL XXXX ( XXXX ) XXXXIf you do an internet search of this company you will find dozens of complaints against their tactics. 
",ERC,WI,Web,Closed with non-monetary relief,Yes,relatively new phone number company crossreferenced number old xxxx debt mine explained caller twice debt wrong person gave information stopped communicating call everyday leave message owe money used owe xxxx authorized xxxx collect need call back pay name company enhanced recovery systemsxxxx xxxx xxxx xxxx fl xxxx xxxx xxxxif internet search company find dozen complaint tactic
Debt collection,Medical,Cont'd attempts collect debt not owed,Debt is not mine,"I am filing this complaint because my right has been violated. Please advise Savit Collection Agency to stop harrasing me with their phone calls. I am not indebted to them. 
XXXX XXXX scheduled my son at XXXX XXXX XXXX XXXX ( XXXX ) about two months before the XXXX date. At this time, I presented my health insurance card to his staff and she made a copy. On XXXX/XXXX/2014, XXXX representative called to confirm and verify my insurance ; and I informed them to use only personnel on XXXX XXXX XXXX. The purpose of the insurance card was to prepare personnels who are on network. 
On the day of the procedure, XXXX went to use NJ XXXX that is not on network. My insurance issued a check commensurate with what they would have paid for such services if they had used anyone on network. Unfortunately, NJ XXXX sent my data to Savit Collection Agency. 
It is not my fault that a personnel that is not on my insurance network was used. I was never consulted or informed before they used such service. 
Savit Collection Agency should please go after whoever made the schedule without considering my health insurance card that i presented and verified. Also, they should stop calling me concerning this debt 
","Sa-Vit Enterprises, Inc.",NJ,Web,Closed with explanation,Yes,filing complaint right violated please advise savit collection agency stop harrasing phone call indebted xxxx xxxx scheduled son xxxx xxxx xxxx xxxx xxxx two month xxxx date time presented health insurance card staff made copy xxxxxxxx xxxx representative called confirm verify insurance informed use personnel xxxx xxxx xxxx purpose insurance card prepare personnel network day procedure xxxx went use nj xxxx network insurance issued check commensurate would paid service used anyone network unfortunately nj xxxx sent data savit collection agency fault personnel insurance network used never consulted informed used service savit collection agency please go whoever made schedule without considering health insurance card presented verified also stop calling concerning debt
Money transfers,Domestic (US) money transfer,Other transaction issues,,"Still have n't received XXXX refunds to my debit card for {$5000.00} each back in XXXX 2015 my bank XXXX says they never received them after I contacted PayPal to get the tracking numbers and gave it to them they still could n't find them. I would like a cashiers check or official checked mailed to me to the address on file immediately or I 'm going to sue this company for XXXX in punitive damages and emotional distress! 
","PayPal Holdings, Inc.",LA,Web,Closed with explanation,Yes,still nt received xxxx refund debit card back xxxx bank xxxx say never received contacted paypal get tracking number gave still could nt find would like cashier check official checked mailed address file immediately going sue company xxxx punitive damage emotional distress
Debt collection,"Other (i.e. phone, health club, etc.)",Disclosure verification of debt,Not given enough info to verify debt,"I received a phone call today from XXXX and XXXX claiming that if I did not pay {$900.00} within an hour that papers would be served. I contacted the original creditor, XXXX Bank who provided me with information on where the account was sold. This account was sold to XXXX XXXX XXXX who then sold it to XXXX XXXX who then sold it to XXXX for {$240.00} who then sold it to XXXX XXXX for {$240.00} who sold it to XXXX XXXX on XXXX/XXXX/2015 which was yesterday. XXXX claimed to have sold it to Western Portfolio Assets the same day. Western Portfolio Assets claimed their sister office, XXXX XXXX XXXX has the account. When I spoke to them and asked for a validation document from the original creditor they stated they do not have to since they now own the debt. 
How does the said debt go from {$240.00} to {$900.00}? This company who according to the Chain of Title just received ownership of the debt yesterday and has claimed to sent letters to my address over 30 days ago. I have never received a letter from this company or any company regarding this debt. They are threatening to take me to court if I do not pay the {$900.00} or an agreed upon amount within the hour. This debt is not on any XXXX of my credit reports. 
",Western Portfolio Assets,OH,Web,Closed,No,received phone call today xxxx xxxx claiming pay within hour paper would served contacted original creditor xxxx bank provided information account sold account sold xxxx xxxx xxxx sold xxxx xxxx sold xxxx sold xxxx xxxx sold xxxx xxxx xxxxxxxx yesterday xxxx claimed sold western portfolio asset day western portfolio asset claimed sister office xxxx xxxx xxxx account spoke asked validation document original creditor stated since debt said debt go company according chain title received ownership debt yesterday claimed sent letter address day ago never received letter company company regarding debt threatening take court pay agreed upon amount within hour debt xxxx credit report
Credit card,,APR or interest rate,,"I have an account with the Synchrony XXXX.  They offer no interest for a certain amount of time which I have used and paid the amount off within that time limit.  A flooring company used this card and I asked for XXXX year no interest which I had done before with a lessor amount charged.  In XXXX months I saw that the amount was due so I called the company and explained the XXXX year request and the representative of the company assured me that they would honor that and give me an additional XXXX months.  The next month I discovered that they had not and I owed more than the original charge when the XXXX month interest (30%) was added in.  I called back and the person I talked to and her supervisor said ""tough luck"".  They would not give me the extra XXXX months that the other had promised.  I would have paid it off if I had known I wouldn't have the extra time.",Synchrony Financial,OR,Web,Closed with monetary relief,Yes,account synchrony xxxx offer interest certain amount time used paid amount within time limit flooring company used card asked xxxx year interest done lessor amount charged xxxx month saw amount due called company explained xxxx year request representative company assured would honor give additional xxxx month next month discovered owed original charge xxxx month interest added called back person talked supervisor said tough luck would give extra xxxx month promised would paid known wouldnt extra time
Debt collection,"Other (i.e. phone, health club, etc.)",Communication tactics,Called after sent written cease of comm,"On XXXX XXXX, 2015, I received a letter from Central Credit Services LLC, dated XXXX XXXX, 2015, attempting to collect a debt I allegedly owed XXXX. On XXXX XXXX, 2015, I sent a certified letter to Central Credit Services ( i ) denying that I owed the debt ; XXXX ii XXXX demanding that they cease attempts to collect the debt or contact me until they could satisfactorily demonstrate the validity of this debt ; XXXX iii XXXX stating that any further contact should be in writing to a specified address and only for certain limited purposes ; and XXXX iv ) directing them to refrain from reporting any negative information to a credit agency. This letter was delivered to Central Credit Services on XXXX XXXX, 2015. 
Subsequently, on XXXX XXXX, 2015 XXXX I received a call from XXXX. The caller would not identify herself at first ; only after multiple requests on my part, did the caller acknowledge that she was calling on behalf of Central Credit Services. I told the caller that I had disputed the debt and directed them not to contact me, that calling me was a violation of the FDCPA, and that I would be filing a complaint against the company. 
",Radius Global Solutions LLC,DC,Web,Closed with explanation,Yes,xxxx xxxx received letter central credit service llc dated xxxx xxxx attempting collect debt allegedly owed xxxx xxxx xxxx sent certified letter central credit service denying owed debt xxxx ii xxxx demanding cease attempt collect debt contact could satisfactorily demonstrate validity debt xxxx iii xxxx stating contact writing specified address certain limited purpose xxxx iv directing refrain reporting negative information credit agency letter delivered central credit service xxxx xxxx subsequently xxxx xxxx xxxx received call xxxx caller would identify first multiple request part caller acknowledge calling behalf central credit service told caller disputed debt directed contact calling violation fdcpa would filing complaint company
Debt collection,Medical,Improper contact or sharing of info,Contacted me after I asked not to,"This is a XXXX complaint ... I am not seeing my situation as a choice so I chose Contact me after I asked not to ... The FIRST is that this purported debt collector, ARS, Account Resolution Specialist has been calling me for months to over a year and continually asks me for my personal information over the phone. There is no way for me to know who I am speaking with. When I refuse to give out my information, even after I say that I am myself, they hang up. This is harassing in nature. If they have my information and call me they should say what they have to say ... not continue to call me and ask me for my personal information. They are not accomplishing anything other than to PHISH for my information and seems to be a very unethical business practice. I suspect, but do not know for sure, that they are trying to collect for a medical bill which leads to the SECOND related complaint ... I suspect the debt is possibly from XXXX XXXX XXXX in XXXX XXXX ( I was very ill about 2 years ago and had to see several doctors ) XXXX seems to regularly and frequently sell their debts to varied collectors. If this is the case, then XXXX too is at fault in that when I call XXXX I am told I have one balance which on its face seems as if the insurance company has paid something else, but in reality there seem to be additional remaining debts attributable to XXXX that are impossible to track because XXXX has cast bits and pieces of the debt out to varied collectors and XXXX is either unwilling or unable to provide the debtor 's information to me. There is no way for me to have an accurate accounting of what I owe. This is unduly burdensome and virtually impossible to track. I received the most recent call on XXXX/XXXX/16 about XXXX CST. Also my father was in XXXX long ago XXXX and I am not comfortable including his information in this site. 
","HCFS Health Care Financial Services, Inc.",LA,Web,Closed with explanation,Yes,xxxx complaint seeing situation choice chose contact asked first purported debt collector ar account resolution specialist calling month year continually asks personal information phone way know speaking refuse give information even say hang harassing nature information call say say continue call ask personal information accomplishing anything phish information seems unethical business practice suspect know sure trying collect medical bill lead second related complaint suspect debt possibly xxxx xxxx xxxx xxxx xxxx ill year ago see several doctor xxxx seems regularly frequently sell debt varied collector case xxxx fault call xxxx told one balance face seems insurance company paid something else reality seem additional remaining debt attributable xxxx impossible track xxxx cast bit piece debt varied collector xxxx either unwilling unable provide debtor information way accurate accounting owe unduly burdensome virtually impossible track received recent call xxxxxxxx xxxx cst also father xxxx long ago xxxx comfortable including information site
Debt collection,Credit card,Communication tactics,Called outside of 8am-9pm,"This is in reference to Barclay Card. They are not only calling outside of the XXXX - XXXX timeframe, which I have a log of when they call, but they have repeatedly called me at work at XXXX. When they call at work, I am on a recorded and monitored line and I could be fired for such calls.",Barclays PLC,FL,Web,Closed with explanation,Yes,reference barclay card calling outside xxxx xxxx timeframe log call repeatedly called work xxxx call work recorded monitored line could fired call
Mortgage,Conventional fixed mortgage,"Loan servicing, payments, escrow account",,"Sir Madam Each month I receive statements ( demands for payment ) XXXX for the following month and XXXX for the month that has been paid but dosement acknowledge that payment. I want Chase Bank to stop sending us a demand for payment, for a period that has already been paid. Just to be clear we receive XXXX bills for every loan that we have. This is confusing and will eventually cause a laps in payment or an over payment. Which I want to avoid both they are blaming the federal government. I would like to have any payments already made to be acknowledged since we pay the stated amount before the statement is sent. If the statement amount has already been paid the statement should at least state that. This practice is bound to cause a mistake that will cost me money for a late payment or something like that. 
I would like to point out that JP Morgan Chase bank is a convicted felon, convicted by due process of law and as I understand they have admitted to these wrong doings. 
I also do n't think you the c.f.p.b. will not intervene in this case you people have been of no help in the past XXXX XXXX 
",JPMorgan Chase & Co.,CA,Web,Closed with explanation,Yes,sir madam month receive statement demand payment xxxx following month xxxx month paid dosement acknowledge payment want chase bank stop sending u demand payment period already paid clear receive xxxx bill every loan confusing eventually cause lap payment payment want avoid blaming federal government would like payment already made acknowledged since pay stated amount statement sent statement amount already paid statement least state practice bound cause mistake cost money late payment something like would like point jp morgan chase bank convicted felon convicted due process law understand admitted wrong doings also nt think cfpb intervene case people help past xxxx xxxx
Mortgage,Conventional fixed mortgage,"Application, originator, mortgage broker",,"Bank of America is my investor for my XXXX mortgage and XXXX XXXX is my servicer. No one seems to be able to tell me why I did n't qualify for the National Mortgage Settlement to lower my principal or get refinanced for a lower interest for my XXXX mortgage that is owned by Bank of America. I would like to be able to refinance for today 's low rates per the settlement agreement. I keep getting the run around and was actually told by a Bank of America employee that Bank of America does not own any loans and that I must be mistaken. 
",Bank of America,OH,Web,Closed with explanation,Yes,bank america investor xxxx mortgage xxxx xxxx servicer one seems able tell nt qualify national mortgage settlement lower principal get refinanced lower interest xxxx mortgage owned bank america would like able refinance today low rate per settlement agreement keep getting run around actually told bank america employee bank america loan must mistaken
Consumer Loan,Vehicle loan,Taking out the loan or lease,,"I cosigned on a vehicle for my son. Originally the dealer put the loan in my name with my son as to co-buyer. After I discovered this I had the dealer redo the loan and put my son as the buyer and myself as the co-buyer. 
The dealership did not file the corrected loan paperwork with Toyota Finance. 
",Toyota Motor Credit Corporation,OH,Web,Closed with explanation,Yes,cosigned vehicle son originally dealer put loan name son cobuyer discovered dealer redo loan put son buyer cobuyer dealership file corrected loan paperwork toyota finance
Mortgage,Conventional fixed mortgage,"Loan modification,collection,foreclosure",,"I had a valid short sale offer in and Nationstar backed-doored my file and 'sold ' my home on XXXX, though I highly doubt that they fulfilled all of the XXXX County MLS requirements in order to do so ; the home went back to Nationstar . They stalled my short sale file out to 'sell ' the property on their own terms. 
The BPO came in at XXXX. My offer was for XXXX, with XXXX down. 
XXXX XXXX ( me, the owner ) has had several XXXX attributed to the entire foreclosure/short sale process. XXXX XXXX ( my wife and co-owner ) has XXXX. The entire process has been very traumatic to both of us and now I have been foreclosed on. 
I had a valid offer in the XXXX system and have been working on this file for close to a year with my agent, XXXX XXXX, who has been a God send to both of us throughout this very trying process. Nationstar initially tried to sell our home on their auction site ( XXXX ), but he was able to stop them once he listed all of the MLS requirements in order to do so ( see attached ). 

I am also attaching the following : Purchase contractListing agreementHardship letterAll correspondence in the XXXX system ( my agent salvaged what he could as the hard files were deleted today ) XXXX sale informationXXXX County MLS requirements to auction a homeHere is what we are ; we are talking about an older married couple in poor health that now has a foreclosure on their credit reports, and for what? The BPO ( appraisal Nationstar did ) came in at XXXX. Nationstar has the 'bid ' starting at over {$1000000.00}, though no bids were received and now it is a bank-owned REO. 

If the short sale is not put back into active review I will be suing Nationstar for the unlawful foreclosure, pain and suffering, and to release the home from REO to complete the short sale process, as well as contacting my Congressman and the media. 

My wife and I did everything asked of us and you gave us no notice of the foreclosure sale date, nor should you have foreclosed, as their was an active short sale file under review at Nationstar in the XXXX system. You stalled the file out over and over again so that you could own our home and sell it on your auction website. The home is worth far less than you think it is and your actions are nothing short of criminal. 

You should be ashamed of yourselves. 

XXXX XXXX & XXXX XXXX 
",Nationstar Mortgage,CA,Web,Closed with explanation,Yes,valid short sale offer nationstar backeddoored file sold home xxxx though highly doubt fulfilled xxxx county ml requirement order home went back nationstar stalled short sale file sell property term bpo came xxxx offer xxxx xxxx xxxx xxxx owner several xxxx attributed entire foreclosureshort sale process xxxx xxxx wife coowner xxxx entire process traumatic u foreclosed valid offer xxxx system working file close year agent xxxx xxxx god send u throughout trying process nationstar initially tried sell home auction site xxxx able stop listed ml requirement order see attached also attaching following purchase contractlisting agreementhardship letterall correspondence xxxx system agent salvaged could hard file deleted today xxxx sale informationxxxx county ml requirement auction homehere talking older married couple poor health foreclosure credit report bpo appraisal nationstar came xxxx nationstar bid starting though bid received bankowned reo short sale put back active review suing nationstar unlawful foreclosure pain suffering release home reo complete short sale process well contacting congressman medium wife everything asked u gave u notice foreclosure sale date foreclosed active short sale file review nationstar xxxx system stalled file could home sell auction website home worth far less think action nothing short criminal ashamed xxxx xxxx xxxx xxxx
Mortgage,Home equity loan or line of credit,"Loan modification,collection,foreclosure",,"I AM SEEKING A LOAN MODIFICATION. I HAVE FAXED FROM MY BRANCH OF THE BANK SEVERAL TIMES INFORMATION THEY HAVE REQUESTED. THE FAXED MATERIAL GOES THROUGH THE PROCESS AND IS ACCEPTED WITH NO PROBLEMS. THE MODIFICATION PROCESS PERSON TELLS ME THAT THEY DID NOT RECEIVE SOME OF THE IMPORTANT INFORMATION THAT WAS FAXED. THIS HAS HAPPENED TO ME SEVERAL TIMES, AND I HAVE FAXED SOME INFORMATION",Bank of America,NY,Web,Closed with explanation,Yes,seeking loan modification faxed branch bank several time information requested faxed material go process accepted problem modification process person tell receive important information faxed happened several time faxed information
Debt collection,Credit card,Taking/threatening an illegal action,Threatened to sue on too old debt,"I contacted a loan specialist in regards to our credit report to begin the process of owning a home again after a foreclosure. When he looked into our credit he told us that there is a judgement against us. We were not aware of this so I contacted the clerk of courts. They said that there is a judgement and if I understand this correctly they said the judgement went into a lien. They gave me information on the case so I contacted the law firm that is involved and asked them about it. I tracked down the original creditor because the law firm does not do settlements and the original creditor sold the account to Capital One. I contacted Capital One and they told me the amount of the judgement is around {$6000.00}. The amount that we actually accumulated on this card was a little over {$1000.00} and this is an old debt. I asked them why the amount we owed is so much. They said late fees, interest and court costs have accumulated but they would accept {$4400.00} so the lien can be lifted. This credit card was one that was being negotiated by a debt settlement company that we were working with that turned out to be a scam. Before this credit card debt could be taken care of, the debt settlement company collected their fee from us then disappeared. The law firm claims that all the information they got from this creditor was being sent to the debt settlement company which no longer existed. My question is, why did n't they then get in touch with us before the amount on this account got to be what it is??? This debt is many years old. I told them that I could not send the entire amount of {$4400.00} but that I would send it in three payments of {$1400.00}. I am working with a credit counseling agency right now and this does n't sound right to them either and finds it suspicious that a credit card debt would go into a lien. I already sent the first payment but I am now wondering if I should send the remaining two payments just in case this account can be settled for the amount of the first payment I sent of {$1400.00}. Can I get someone to help me with this issue? This account is not on our credit report from what I can see and I 'm not sure how the loan specialist came across it. 
",Capital One,OH,Web,Closed with explanation,Yes,contacted loan specialist regard credit report begin process owning home foreclosure looked credit told u judgement u aware contacted clerk court said judgement understand correctly said judgement went lien gave information case contacted law firm involved asked tracked original creditor law firm settlement original creditor sold account capital one contacted capital one told amount judgement around amount actually accumulated card little old debt asked amount owed much said late fee interest court cost accumulated would accept lien lifted credit card one negotiated debt settlement company working turned scam credit card debt could taken care debt settlement company collected fee u disappeared law firm claim information got creditor sent debt settlement company longer existed question nt get touch u amount account got debt many year old told could send entire amount would send three payment working credit counseling agency right nt sound right either find suspicious credit card debt would go lien already sent first payment wondering send remaining two payment case account settled amount first payment sent get someone help issue account credit report see sure loan specialist came across
Credit card,,Other,,"Please refer to my first complaint ; Case XXXX. XXXX filed on XXXX/XXXX/2016. The nature of that complaint was against CitiBank , N.A . Briefly, XXXX changed from XXXX XXXX cards to Citibank cards. I did not want a Citibank card and advised them by phone in XXXX, 2016. Their binding agreement stated that "" Even if you do n't use your card, this agreement will take effect, unless you contact us within 30 days of receiving this notice. '' There was no date on the notice, but I did receive it in XXXX 2016. I called Citibank immediately upon receiving the notice, and told them not to send a card. They sent XXXX anyway. I called Citibank and told them I did not want a card and to cancel any account. THEY REFUSED! I subsequently filed a complaint with CFPB on XXXX/XXXX/2016. 
On XXXX XXXX, 2016 I received a letter from Citibank, XXXX XXXX, XXXX Response Unit, XXXX, advising me that my name and address was removed from their solicitation lists. On XXXX XXXX, 2016, I received another notice from Citibank that a new Citibank credit card was on its way. On XXXX XXXX, 2016, I got another Citibank ( same as the first XXXX ) in the mail, urging me to activate it immediately. 
Apparently, Citibank believes that they can bully the public, and create an account using their credit card, whether they want XXXX or not. Moreover, XXXX XXXX XXXX lied in her response letter to me and to CFPB by telling us that my name and address was removed from their data base. I am aware that Citibank paid a settlement to the Federal Government of XXXX XXXX dollars for Mortgage Loan Fraud. This is indicative of their Fraudulent and Unscrupulous business practices. Now it appears they have branched out into creating unwanted accounts and refuse to delete these accounts from their database. 
I am a mother of XXXX teenage girls, I work full time to support them. I do not have time to be constantly respond to being pestered into having accounts I do n't want ; only to be refused upon request to delete such accounts.",Citibank,AZ,Web,Closed with non-monetary relief,Yes,please refer first complaint case xxxx xxxx filed xxxxxxxx nature complaint citibank na briefly xxxx changed xxxx xxxx card citibank card want citibank card advised phone xxxx binding agreement stated even nt use card agreement take effect unless contact u within day receiving notice date notice receive xxxx called citibank immediately upon receiving notice told send card sent xxxx anyway called citibank told want card cancel account refused subsequently filed complaint cfpb xxxxxxxx xxxx xxxx received letter citibank xxxx xxxx xxxx response unit xxxx advising name address removed solicitation list xxxx xxxx received another notice citibank new citibank credit card way xxxx xxxx got another citibank first xxxx mail urging activate immediately apparently citibank belief bully public create account using credit card whether want xxxx moreover xxxx xxxx xxxx lied response letter cfpb telling u name address removed data base aware citibank paid settlement federal government xxxx xxxx dollar mortgage loan fraud indicative fraudulent unscrupulous business practice appears branched creating unwanted account refuse delete account database mother xxxx teenage girl work full time support time constantly respond pestered account nt want refused upon request delete account
Mortgage,Conventional fixed mortgage,Settlement process and costs,,"Since XXXX/XXXX/XXXX when I started a Request ID # for a Release of Deed of Trust from Bank of America on the mortgage loan I paid off in full on XXXX/XXXX/XXXX. XXXX County in XXXX is waiting so a title can be released. I have tried to work through approx. XXXX contacts to get this done. 
I have been given wrong information and been refused contact with supervisors. I was told that this ca n't get done for 3 mo. to 1 year and they keep changing stories/info. 
I did what I was required in paying loan on time and closing loan. Why ca n't Bank of America get their act together and do what it takes to get me the title to my home. 
If I wanted to sell the house or had too, I would n't be able to do so in a timely matter and would miss out on a possible opportunity because of their delays. 
Bank of America told me back on XXXX/XXXX/XXXX that I would receive proper title and documentation in 1-3 mo. I received a cover letter and the original NOTE by XXXX XXXX XXXX both stamped PAID in Full and loan paid off. 
The reps that have worked on this keep saying that they need something from XXXX XXXX? They have had since XXXX/XXXX/XXXX to get this. This Company is out of business. 
This is what happened over the period of the loan:XX/XX/XXXX opened 30 yr. mortgage loan with XXXX XXXX XXXX. 
XXXX/XXXX/XXXX loan was transferred over to XXXX XXXX XXXX XXXX XXXX , XXXX loan was again transferred over to Countrywide Home Loans , XXXX XXXX XXXX XXXX to be effective XXXX/XXXX/XXXX. 
In XX/XX/XXXX per rep Bank of America said they took loan over from Countrywide because mortgage scandal/bankruptcy. ( Note : Bank of America has had since XXXX to get all documents in order on the account. ) Also note that this loan was not with any mortgage co. for more than a mo or two till Countrywide from XXXX/XXXX/XXXX to XX/XX/XXXX. 
My request is to have documentation ( Request of Deed of Trust ) to XXXX County by XXXX/XXXX/XXXX. I was told when the 1st request Id was created the date would be XXXX/XXXX/XXXX. Since there are response times on this report this gives over the 15 day period. 
I also feel there should some type of fine or reprimand just like if I missed a payment I would get a late payment charge and could even get foreclosed when I was paying the loan payments. 
Note : None of the below apply this loan is paid off!! 
Also every time I contacted this company and had conversation I was informed that the calls were being recorded. They have all dates and information from my calls. 
I also have account numbers and documentation on file. 
",Bank of America,CO,Web,Closed with non-monetary relief,Yes,since xxxxxxxxxxxx started request id release deed trust bank america mortgage loan paid full xxxxxxxxxxxx xxxx county xxxx waiting title released tried work approx xxxx contact get done given wrong information refused contact supervisor told ca nt get done mo year keep changing storiesinfo required paying loan time closing loan ca nt bank america get act together take get title home wanted sell house would nt able timely matter would miss possible opportunity delay bank america told back xxxxxxxxxxxx would receive proper title documentation mo received cover letter original note xxxx xxxx xxxx stamped paid full loan paid rep worked keep saying need something xxxx xxxx since xxxxxxxxxxxx get company business happened period loanxxxxxxxx opened yr mortgage loan xxxx xxxx xxxx xxxxxxxxxxxx loan transferred xxxx xxxx xxxx xxxx xxxx xxxx loan transferred countrywide home loan xxxx xxxx xxxx xxxx effective xxxxxxxxxxxx xxxxxxxx per rep bank america said took loan countrywide mortgage scandalbankruptcy note bank america since xxxx get document order account also note loan mortgage co mo two till countrywide xxxxxxxxxxxx xxxxxxxx request documentation request deed trust xxxx county xxxxxxxxxxxx told st request id created date would xxxxxxxxxxxx since response time report give day period also feel type fine reprimand like missed payment would get late payment charge could even get foreclosed paying loan payment note none apply loan paid also every time contacted company conversation informed call recorded date information call also account number documentation file
Mortgage,Conventional adjustable mortgage (ARM),"Loan modification,collection,foreclosure",,"There is a motion on XXXX/XXXX/XX/XX/XXXX @ XXXX XXXX county courthouse to reschedule foreclosure sale date based on 100 % illegal, fraudulent foreclosure. XXXX XXXX XXXX has sold, transfer or assigned this mortgage to Caliber Home Loans in XX/XX/XXXX. 
1. Got out of non-jury trial XXXX XXXX, XX/XX/XXXX which I knew before walking into Judge chambers I was going to lose. To get an idea of what typically occurs @ these non-jury trials just imagine a handcuffed monkey trying to beat a Lion in a caged fight. 
2. Five Year Statute of Limitations ( SOL ) Expired XXXX XX/XX/XXXX 
3. One Hundred Per Cent ( 100 % ) Foreclosure Fraud : Forged and Notarized Original Mortgage signatures, Plaintiff lacks legal standing ( mortgage sold off originally by XXXX XXXX Bank to a trust ), robo signing. Their was the biggest lying straight face robo testifier from XXXX XXXX XXXX I have ever witnessed, it is sad and unacceptable how all their lies, fabrication were allowed into evidence while our strongest evidence by defendants Forensic Expert/Witness testifying original note is 100 % forgery denied her testifying at trial, XXXX due process. 
XXXX law firm does all plaintiffs dirty work. 
4. Force placed homeowner insurance obtained at illegal price gouging rates XXXX, XXXX times normal amount. 
","Caliber Home Loans, Inc",FL,Web,Closed with explanation,Yes,motion xxxxxxxxxxxxxxxx xxxx xxxx county courthouse reschedule foreclosure sale date based illegal fraudulent foreclosure xxxx xxxx xxxx sold transfer assigned mortgage caliber home loan xxxxxxxx got nonjury trial xxxx xxxx xxxxxxxx knew walking judge chamber going lose get idea typically occurs nonjury trial imagine handcuffed monkey trying beat lion caged fight five year statute limitation sol expired xxxx xxxxxxxx one hundred per cent foreclosure fraud forged notarized original mortgage signature plaintiff lack legal standing mortgage sold originally xxxx xxxx bank trust robo signing biggest lying straight face robo testifier xxxx xxxx xxxx ever witnessed sad unacceptable lie fabrication allowed evidence strongest evidence defendant forensic expertwitness testifying original note forgery denied testifying trial xxxx due process xxxx law firm plaintiff dirty work force placed homeowner insurance obtained illegal price gouging rate xxxx xxxx time normal amount
Debt collection,Payday loan,Improper contact or sharing of info,Talked to a third party about my debt,"I did, about a year ago, have an XXXX XXXX account. However, this company does n't have my correct address. They called my sister, my daughter, and my ex ( who I have n't been in contact with in 15 years ) and told all of them that I needed to contact them immediately or I would be sued. The messages were automated and the name of the "" rep '' was XXXX XXXX. I believe this company is actually a scam and not a legitimate debt collector. 
","Direct Recovery Services, LLC",IL,Web,Closed,No,year ago xxxx xxxx account however company nt correct address called sister daughter ex nt contact year told needed contact immediately would sued message automated name rep xxxx xxxx believe company actually scam legitimate debt collector
Debt collection,I do not know,Cont'd attempts collect debt not owed,Debt is not mine,"I was never sent notice of this debt, it just appeared on my credit report. Furthermore this debt is not mine or is older than 7 years old. 

No debt validation was given or sent or a notice that this account was going to be reported to a credit bureau. i would like proof that this account is mine by company furnishing original signed documents, all payment history if this account is mine, and date of last delinquency. 
",SquareTwo Financial Corporation,TX,Web,Closed with explanation,Yes,never sent notice debt appeared credit report furthermore debt mine older year old debt validation given sent notice account going reported credit bureau would like proof account mine company furnishing original signed document payment history account mine date last delinquency
Mortgage,Other mortgage,Settlement process and costs,,"Have come to learn after a closing ( I have copy of HUD ) in XX/XX/XXXX for a short sale on a property that was underwater in NJ, that the house was foreclosed on in XX/XX/XXXX. When I signed the papers in XX/XX/XXXX, I had asked if I needed my own attorney and they told me no, that no money would be changing hands, they had a buyer, the buyer just needed a little time to correct their credit so this would give them control of the property. They told me that I may still need to sign papers for the bank when everything had finalized. Initially after the closing, I did not receive any additional correspondence from the mortgage company. I thought I was finished other than the paper work that I may need to sign. About XXXX months to XXXX years later I started receiving paperwork from the mortgage company again, I called the people I had been dealing with and they said the bank did n't accept the offer. I, to this day, do not know how I ended up dealing with these people as when I started this process, I was dealing with a well known, supposedly reputable real estate company. I have since found documentation that the real estate firm that I was dealing with, removed the listing from their records in XX/XX/XXXX. I have no idea how it happened, that I ended up dealing with these people insteady of the realestate company I initially signed the agreement with. I have signed so many papers for this house and with what I was going through, could not keep track of everything. The people who supposedly purchased the house from me in XX/XX/XXXX, placed the people in the home in XX/XX/XXXX and I am guessing collected rent from them from that point until they were apparently evicted a few months after the foreclosure. ( This was found out from a neighbor who told my husband the sherriff 's office showed up at the door and gave them XXXX hours to vacate. I am guessing it was 4 years, give or take, that I believe they collected money from those people, they did not apparently own the house ( so did they have a right to collect rent and not pay it to the mortgage company ), as it was foreclosed in my name in XX/XX/XXXX, they did not pay anything to the mortgage company based on the amount listed in the lien search document that I recently obtained. Oddly, the mortgage does not come up on my credit report, but the original one does and then they sold it to the foreclosing company. And the people that were living in the property, I have no idea who they were, but apparently they were taken as well. We both have nothing to show for it except they were potentially homeless and I have a foreclosure, not a short sale on my record almost 4 years after the HUD. I have spoken to XXXX different people who have worked for them in the past and both said that they had never seen them close a deal for the entire time they worked there and each was there a few years I believe for each. I was also told to google their names, which I did, and they were sued for a mortgage related issue a few years ago. I do not know what to do. I am reaching out to you and hope that you will help to stop them from taking advantage of people in the future. I rarely could reach anyone and most times when I had called, I was told he was on vacation or out of town. Unfortunately, I am connected to them by another property which we were supposed to buy from them. My husband and I are exploring options to get out as we want nothing to do with them and the money that we pay for rent ( which was more than initially agreed upon due to high taxes in the area ), we find that they have not paid the taxes since they bought the house and now the property has a tax lien on it as it was sold at tax sale. They read my hardship letters and know what I had been through and feel that they took advantage of that. Please seek your own legal counsel ; you ca n't afford not to ; and be leary. 
",Wells Fargo & Company,NJ,Web,Closed with explanation,Yes,come learn closing copy hud xxxxxxxx short sale property underwater nj house foreclosed xxxxxxxx signed paper xxxxxxxx asked needed attorney told money would changing hand buyer buyer needed little time correct credit would give control property told may still need sign paper bank everything finalized initially closing receive additional correspondence mortgage company thought finished paper work may need sign xxxx month xxxx year later started receiving paperwork mortgage company called people dealing said bank nt accept offer day know ended dealing people started process dealing well known supposedly reputable real estate company since found documentation real estate firm dealing removed listing record xxxxxxxx idea happened ended dealing people insteady realestate company initially signed agreement signed many paper house going could keep track everything people supposedly purchased house xxxxxxxx placed people home xxxxxxxx guessing collected rent point apparently evicted month foreclosure found neighbor told husband sherriff office showed door gave xxxx hour vacate guessing year give take believe collected money people apparently house right collect rent pay mortgage company foreclosed name xxxxxxxx pay anything mortgage company based amount listed lien search document recently obtained oddly mortgage come credit report original one sold foreclosing company people living property idea apparently taken well nothing show except potentially homeless foreclosure short sale record almost year hud spoken xxxx different people worked past said never seen close deal entire time worked year believe also told google name sued mortgage related issue year ago know reaching hope help stop taking advantage people future rarely could reach anyone time called told vacation town unfortunately connected another property supposed buy husband exploring option get want nothing money pay rent initially agreed upon due high tax area find paid tax since bought house property tax lien sold tax sale read hardship letter know feel took advantage please seek legal counsel ca nt afford leary
Credit reporting,,Incorrect information on credit report,Personal information,"There is an address on my credit reports that I have never lived at. It is XXXX XXXX XXXX XXXX XXXX Me XXXX. There is an incorrect birthdate of XX/XX/XXXX on my credit reports. There is a spouse on my credit report named XXXX and I have been divorced since XX/XX/XXXX and he is dead. There is a incorrect social security number on my credit reports of XXXX. There are several misspellings of my name due to typing errors that I want removed. XXXX XXXX XXXX, XXXX XXXX XXXX, XXXX XXXX XXXX, XXXX XXXX XXXX, XXXX XXXX, XXXX XXXX, XXXX XXXX XXXX, XXXX XXXX, XXXX XXXX. There ard phone numbers that are not mine on my credit reports, XXXX, XXXX, XXXX. 
","TransUnion Intermediate Holdings, Inc.",ME,Web,Closed with non-monetary relief,Yes,address credit report never lived xxxx xxxx xxxx xxxx xxxx xxxx incorrect birthdate xxxxxxxx credit report spouse credit report named xxxx divorced since xxxxxxxx dead incorrect social security number credit report xxxx several misspelling name due typing error want removed xxxx xxxx xxxx xxxx xxxx xxxx xxxx xxxx xxxx xxxx xxxx xxxx xxxx xxxx xxxx xxxx xxxx xxxx xxxx xxxx xxxx xxxx xxxx ard phone number mine credit report xxxx xxxx xxxx
Credit card,,Transaction issue,,"I have had fraudulent activities on my Citi bank Credit Card account. They have failed to assist me. They are supporting criminals/fraud operators, making derogatory comments, the most unethical and unprofessional language. I was harassed on the phone and cursed me. Upon request proof will be provided. 
Citi Bank needs to dispute those fraud charges and has to obey my country`s laws and regulations. Citi Bank STOP the crime!!!! Stop supporting Criminals and terror operators!!! 
",Citibank,CA,Web,Closed with explanation,Yes,fraudulent activity citi bank credit card account failed assist supporting criminalsfraud operator making derogatory comment unethical unprofessional language harassed phone cursed upon request proof provided citi bank need dispute fraud charge obey country law regulation citi bank stop crime stop supporting criminal terror operator
Student loan,Non-federal student loan,Can't repay my loan,Can't decrease my monthly payments,"My lender is have not shown the ability to be sensitive to my financial hardship. I shown I am willing to pay, however, the have constantly gone up on my payments to now XXXX a month I am unemployed and can not simply afford that much. I regret ever taking their terms and I want future students to know rates and terms of each loan they are borrowing, I would strongly suggest do not take private loans out for education. Please I am in dire need of help. I recieved the Lon at XXXX college in XXXX, ca. 
",AES/PHEAA,IL,Web,Closed with explanation,Yes,lender shown ability sensitive financial hardship shown willing pay however constantly gone payment xxxx month unemployed simply afford much regret ever taking term want future student know rate term loan borrowing would strongly suggest take private loan education please dire need help recieved lon xxxx college xxxx ca
Mortgage,Conventional fixed mortgage,"Loan modification,collection,foreclosure",,"My wife and I were part of a modification on our home with an attorney we hired to represent us and our mortgage company. We got approved for a modification and received a copy to sign. My attorney also got a copy and told us that this modification was a good one and urged us to sign it and mail it back to the mortgage co as soon as possible. We were excited that the payment was what we could afford. Our attorney we thought read through the agreement before advising us to sihn it. He never mentioned anything about the other numbers we latter found out were involved that soon lead us to defaulting on our modification. 
We were completely unaware that the payments we were sending to the mortgage company were insufficient. We knew the figure as being correct. The mortgage company was sending all statements and communications about our modification directly to our attorney and not to us at all. We had no idea we were defaulting. Our lawyer refused to answer any of our calls or further emails from us to him. Our attorney never informed my wife and I that he was getting all mail from our mortgage co. His address was even on all the statements. Our mortgage company is now in active foreclosure of our home. We are extremely unhappy with how our mortgage company conducts business with it 's clients. We were never made aware of what exactly our numbers would be on a monthly payment basis. We desperately want to save our home from another foreclosure attempt. 
",Nationstar Mortgage,PA,Web,Closed with explanation,Yes,wife part modification home attorney hired represent u mortgage company got approved modification received copy sign attorney also got copy told u modification good one urged u sign mail back mortgage co soon possible excited payment could afford attorney thought read agreement advising u sihn never mentioned anything number latter found involved soon lead u defaulting modification completely unaware payment sending mortgage company insufficient knew figure correct mortgage company sending statement communication modification directly attorney u idea defaulting lawyer refused answer call email u attorney never informed wife getting mail mortgage co address even statement mortgage company active foreclosure home extremely unhappy mortgage company conduct business client never made aware exactly number would monthly payment basis desperately want save home another foreclosure attempt
Mortgage,VA mortgage,"Loan servicing, payments, escrow account",,"My mortgage was transferred to XXXX Mortgage Services on XXXX XXXX, XX/XX/2015. I have made payments every month on time. To this day, XXXX XXXX, XX/XX/2015, they can not account for a {$3300.00} dollars they deposited to my account on XXXX XXXX, XX/XX/2015. Numerous emails and calls were made to locate the whereabouts of such payment. There response is "" it has been escalated for review. '' On XXXX XXXXXX/XX/2015, my ARM was calculated and adjusted with the balance that did not reflect the missing funds paid on XXXX XXXXXX/XX/2015. I submitted bank statements and trace number of the missing fund they deposited allegedly into my account, however, they can not account for the payment. On XXXX XXXX, XX/XX/2015 they mailed me a letter, which states "" your loan is in default. '' Since XXXX, XXXXXX/XX/2015, I have met my obligation paying my mortgage and provided approximately {$7000.00} in overage payment to be applied to the principal. They constantly say they will return my calls and locate the missing payment, but to this day this have failed to call nor locate the missing payment. 
",Lender Live,TX,Web,Closed with non-monetary relief,Yes,mortgage transferred xxxx mortgage service xxxx xxxx xxxx made payment every month time day xxxx xxxx xxxx account dollar deposited account xxxx xxxx xxxx numerous email call made locate whereabouts payment response escalated review xxxx xxxxxxxx arm calculated adjusted balance reflect missing fund paid xxxx xxxxxxxx submitted bank statement trace number missing fund deposited allegedly account however account payment xxxx xxxx xxxx mailed letter state loan default since xxxx xxxxxxxx met obligation paying mortgage provided approximately overage payment applied principal constantly say return call locate missing payment day failed call locate missing payment
Mortgage,FHA mortgage,"Loan modification,collection,foreclosure",,"I 'm filing a complaint because of the lack of help and correspondences from Wells Fargo with regards to the home of my aunt and last living relative the now deceased XXXX XXXX XXXX in an effort to modify and assume her loan. As the assigned personal representative of the Estate XXXX XXXX XXXX XXXX, I have sent the requested documents and they keep saying that they never received it and then request the same documents over and over again stating that they never received them. I leave messages and they are not returned. 
",Wells Fargo & Company,MD,Web,Closed with explanation,Yes,filing complaint lack help correspondence well fargo regard home aunt last living relative deceased xxxx xxxx xxxx effort modify assume loan assigned personal representative estate xxxx xxxx xxxx xxxx sent requested document keep saying never received request document stating never received leave message returned
Debt collection,"Other (i.e. phone, health club, etc.)",Cont'd attempts collect debt not owed,Debt was discharged in bankruptcy,"I file chapter XXXX bankruptcy on XX/XX/XXXX. It was dismiss on XX/XX/XXXX, the case was reinstated to a chapter XXXX on XX/XX/XXXX. My case was discharge on XX/XX/XXXX. I keep calling and mailing my bankruptcy case information to this company, and they failed or wo n't updated my credit report with XXXX to reflect the correct information. This company just did a update as of XX/XX/XXXX to collect on this account still showing a open collection on XXXX and XXXX. 
",Speedy Cash Holdings,LA,Web,Closed,Yes,file chapter xxxx bankruptcy xxxxxxxx dismiss xxxxxxxx case reinstated chapter xxxx xxxxxxxx case discharge xxxxxxxx keep calling mailing bankruptcy case information company failed wo nt updated credit report xxxx reflect correct information company update xxxxxxxx collect account still showing open collection xxxx xxxx
Bank account or service,Checking account,Problems caused by my funds being low,,"Bank of America I have noticed holds charges then submits to charge overdraft fees, example, I would use my debit on the XXXX for a burger and fry at XXXX, that transaction will hold 3 days then when account low, I become negative and they charge me, all my transactions are never in order.I was once charged a XXXX charge.I also filed a claim on a XXXX charge that wasnt r ight, I won it, recieved a letter stating its permanent for the bank to try and take it back out of my account and charge overdraft for it.Bank of America will hold transactions to charge fees.On XXXX I woke up and my bill pay went through, its XXXX, now at XXXX I go to the XXXX and buy XXXX $ eorth of stuff, you put yhat transaction before the bill from when I eoke up, so u can charge a fee. 
",Bank of America,IN,Web,Closed with explanation,Yes,bank america noticed hold charge submits charge overdraft fee example would use debit xxxx burger fry xxxx transaction hold day account low become negative charge transaction never orderi charged xxxx chargei also filed claim xxxx charge wasnt r ight recieved letter stating permanent bank try take back account charge overdraft itbank america hold transaction charge feeson xxxx woke bill pay went xxxx xxxx go xxxx buy xxxx eorth stuff put yhat transaction bill eoke u charge fee
Credit reporting,,Credit reporting company's investigation,No notice of investigation status/result,"Hi, I have a vehicle loan from XXXX XXXX XXXX and last year I was late on one payment mostly because I used to pay my vehicle loan bill with my mortgage and I had refinanced my mortgage and I did n't have to pay that month. Unfortunately I totally forgot about my XXXX XXXX XXXX bill. But as soon as I realized that I paid the bill for the last month and the current month. I was n't notified by XXXX and I had paid the bill before I got their call. On call they said that they will be reporting it to Credit agencies as it was past 30 days. I said it 's fine and I assumed that it will probably be a minor hit as it was one missed payment in 3 years since my loan began and probably the only missed payment since I started paying bills. But I had no clue that my credit score will go down from XXXX to XXXX. Next month we decide to buy a new home and applied for the pre approval. I was shocked to find out what my credit score was. Based on the credit score and just one missed payment, I was being offer a much higher loan rate but I was told that it will be fine by the time we purchase the house as it was still XXXX months away. I was also advised to talk to XXXX XXXX XXXX to see if they could resolve it with credit agencies. I called XXXX XXXX XXXX XXXX times and they never resolved it. On my last call with them, they asked me to raise a complaint with all three credit agencies and they said once credit agencies follow up with them, they will resolve the issue. I went to all three credit agencies and opened the dispute. But I have never heard from them and my FICO score as of today stands at XXXX. And this is all because of one missed payment in 10 years. Since then I have paid all my bills on time and it 's been almost 9 months since I missed the payment. But the credit score is where it was. Now it 's time to close my new home and I had to settle on higher interest rate because my FICO score is low i.e. XXXX. This does n't sound right to me. 
",Experian,MA,Web,Closed with explanation,Yes,hi vehicle loan xxxx xxxx xxxx last year late one payment mostly used pay vehicle loan bill mortgage refinanced mortgage nt pay month unfortunately totally forgot xxxx xxxx xxxx bill soon realized paid bill last month current month nt notified xxxx paid bill got call call said reporting credit agency past day said fine assumed probably minor hit one missed payment year since loan began probably missed payment since started paying bill clue credit score go xxxx xxxx next month decide buy new home applied pre approval shocked find credit score based credit score one missed payment offer much higher loan rate told fine time purchase house still xxxx month away also advised talk xxxx xxxx xxxx see could resolve credit agency called xxxx xxxx xxxx xxxx time never resolved last call asked raise complaint three credit agency said credit agency follow resolve issue went three credit agency opened dispute never heard fico score today stand xxxx one missed payment year since paid bill time almost month since missed payment credit score time close new home settle higher interest rate fico score low ie xxxx nt sound right
Credit reporting,,Incorrect information on credit report,Public record,"I have a judgment in XXXX county for XXXX XXXX XXXX that says it was reported in XXXX and paid in XXXX. It 's being reported on my XXXX and Equifax report. This item was already paid and part of medical bills from a accident that was n't my fault. They got paid but for some reason its on my credit report as a judgement. It should n't beven been on my credit report. It must be miscommunication. The paid amount is {$710.00} and the judgement is satisfied but should of nevet been a judgement. 
",Equifax,IA,Web,Closed with explanation,Yes,judgment xxxx county xxxx xxxx xxxx say reported xxxx paid xxxx reported xxxx equifax report item already paid part medical bill accident nt fault got paid reason credit report judgement nt beven credit report must miscommunication paid amount judgement satisfied nevet judgement
Bank account or service,Checking account,"Account opening, closing, or management",,"I opened an account with US Bank in XXXX 2010. I was fed up with XXXX XXXX at the time, but eventually went back to them because they are the best big bank. I opened the account with them because I have a few student loans with them. I was working at a XXXX at the time and did n't have a big income. I over-drafted a few time, but always paid the fee. I never set up any automatic payments with them for student loans, bills, etc. I closed the account a few months later because there interest fees and high over draft fees. I got a phone call today, five years later, that I still owed US Bank XXXX. XXXX. I closed the account five years ago and the balance was current. How could I close an account that was negative? They sent the bill over to a collection agency to settle the account. Why I am being harassing from a collection agency five years later about a bank account I have for a only a few short months? Why am I paying fees on an account I did n't even use? Why this is now going to hurt my credit? I am extremely frustrated and fed up with US Bank bullying me around. I find the XXXX to be insulting and overbearing. I am student loan victim and am currently making minimum wage and tips as a server. XXXX is nearly a whole weeks work at times. I also give US Bank XXXX every month for my student. How can they get away with this? 
",U.S. Bancorp,MN,Web,Closed with explanation,Yes,opened account u bank xxxx fed xxxx xxxx time eventually went back best big bank opened account student loan working xxxx time nt big income overdrafted time always paid fee never set automatic payment student loan bill etc closed account month later interest fee high draft fee got phone call today five year later still owed u bank xxxx xxxx closed account five year ago balance current could close account negative sent bill collection agency settle account harassing collection agency five year later bank account short month paying fee account nt even use going hurt credit extremely frustrated fed u bank bullying around find xxxx insulting overbearing student loan victim currently making minimum wage tip server xxxx nearly whole week work time also give u bank xxxx every month student get away
Money transfers,Domestic (US) money transfer,Money was not available when promised,,"I requested PayPal to send me a check of {$500.00}. Estimated arrival was 2 weeks and it has been 2 months already with no check arriving, yet they still withdrew the funds from my account. I called and asked them to cancel the check and refund the money to my PayPal account so that I can transfer it. 

Their solution? I need to wait one week for the to trace the check and cancel it. After waiting a week they will then notify me of a timeframe in which they can reimburse me my money. 

This business practice is almost criminal. I never withdrew my money, I never cashed a check, yet the money is gone from my account. Why do they need to track the check? Why does it take a week to cancel it when it takes me a couple minutes with my bank? How come they ca n't give me a timeframe of when I will receive my money and why do i need to wait months to withdraw money that is mine? Absolutely ridiculous!!! 
","PayPal Holdings, Inc.",NY,Web,Closed with non-monetary relief,Yes,requested paypal send check estimated arrival week month already check arriving yet still withdrew fund account called asked cancel check refund money paypal account transfer solution need wait one week trace check cancel waiting week notify timeframe reimburse money business practice almost criminal never withdrew money never cashed check yet money gone account need track check take week cancel take couple minute bank come ca nt give timeframe receive money need wait month withdraw money mine absolutely ridiculous
Credit card,,Credit card protection / Debt protection,,"My Tribute card was issued to me in XXXX. I made all payments on time. In XXXX XXXX, Tribute raised my credit to {$500.00} without my request and then closed the company. I called ot make a payment in XXXX, XXXX and was advised that the company closed and could not be reached at the number or correspondence. The company Jefferson XXXX XXXX reported that my Tribute card was lost and re-issued. My card was never lost and reissued. The company XXXX XXXX then put both accounts that I did not have on my credit with a balance of {$1000.00} without notifying me. I reported the complaint to all XXXX credit entities such as XXXX, XXXX and XXXX and my claim was denied. The credit is reporting on my report for the last 9 years beyond the lawful amount of time of 7 years and is reporting incorrectly. I would like for the account to be removed from my credit report. My credit report shows that I have disputed the account. The company does not meet federal regulations and is reporting incorrectly. 
","CL Holdings, LLC",TX,Web,Closed with explanation,Yes,tribute card issued xxxx made payment time xxxx xxxx tribute raised credit without request closed company called ot make payment xxxx xxxx advised company closed could reached number correspondence company jefferson xxxx xxxx reported tribute card lost reissued card never lost reissued company xxxx xxxx put account credit balance without notifying reported complaint xxxx credit entity xxxx xxxx xxxx claim denied credit reporting report last year beyond lawful amount time year reporting incorrectly would like account removed credit report credit report show disputed account company meet federal regulation reporting incorrectly
Debt collection,Credit card,Cont'd attempts collect debt not owed,Debt resulted from identity theft,"Debt Collector is attempting to collect on a fraudulent account that is not mine I sent an Affidavit of Fraudulent Application on XX/XX/2014 to the creditor. 
","LTD Financial Services, L.P.",FL,Web,Closed with non-monetary relief,Yes,debt collector attempting collect fraudulent account mine sent affidavit fraudulent application xxxx creditor
Mortgage,Conventional fixed mortgage,"Loan modification,collection,foreclosure",,"I am reaching out to the CFPB directly for any assistance they can provide with an issue I am having with my mortgage servicer, Quicken Loans, who services my XXXX XXXX owed loan ( Loan # XXXX ). My issue involves unfair treatment in the process of being evaluated for a loan modification. 

I applied for a loan modification on XXXX/XXXX/2015. To summarize my hardship, my family 's household income dropped by over $ XXXX/month due to a job change and due to losing our family owned business. Quicken reviewed my application and approved a trial modification on XXXX/XXXX/2015. 

XXXX XXXX from Quicken then called me on XXXX/XXXX/2015 to explain the terms of the approved modification. The interest rate they offered did n't seem to match the published XXXX XXXX Standard Modification Interest Rate that became effective on XXXX/XXXX/2015, the day of the approval. When I questioned that and asked if it could be redone, XXXX then said I should pursue a refinance instead of the modification. I explained to XXXX that due to my severe decrease in income, I doubted that I would qualify for a refinance. But he suggested I check into that anyway. I told him that I did not want to jeopardize my approval but he said that should the trial offer expire while looking into the refinance, it would not render me ineligible to apply again. So I told him that I was not declining the trial modification and that I would look into a refinance as he directed. 

I then reached out to XXXX XXXX directly to ask them for further direction. The representative that I spoke to at XXXX XXXX suggested that I follow Quicken 's guidance and she too confirmed that should the approved trial should expire in the meantime, I would still be eligible for a modification upon submission of a new application. So I took their advice and called a few mortgage companies to inquire about a refinance. I was not surprised to find that I did not qualify at my reduced income level. During the process of investigating the refinance, the approved trial offer expired. 

So I submitted a brand new application on XXXX/XXXX/2015 and submitted the updated income documentation. However, I was just informed today, XXXX/XXXX/2015, that my application has been denied because they say I declined the previous approved trial offer from XXXX/XXXX/2015. I explained to the representative that I did not decline the trial offer, and that both Quicken Loans and XXXX XXXX suggested that I investigate a refinance instead. I was assured that should the trial offer expire in the meantime, I would still be eligible to be reviewed with a new application. I asked the representative how I could dispute that decision and if they could listen to that call from XXXX/XXXX/2015. The representative told me that nothing could be done. 

So, I am reaching out to the CFPB because I am being treated unfairly. I fear that their mistakes and lack of organization are overshadowing the fact that I have a real hardship and need help. I have done everything that they recommended and now I am being denied the help that my family desperately needs. 

Please help me rectify this situation. If there is anything you need from me in helping you to investigate this issue, please let me know. 

Sincerely, XXXX XXXX 
",Quicken Loans,UT,Web,Closed with non-monetary relief,Yes,reaching cfpb directly assistance provide issue mortgage servicer quicken loan service xxxx xxxx owed loan loan xxxx issue involves unfair treatment process evaluated loan modification applied loan modification xxxxxxxx summarize hardship family household income dropped xxxxmonth due job change due losing family owned business quicken reviewed application approved trial modification xxxxxxxx xxxx xxxx quicken called xxxxxxxx explain term approved modification interest rate offered nt seem match published xxxx xxxx standard modification interest rate became effective xxxxxxxx day approval questioned asked could redone xxxx said pursue refinance instead modification explained xxxx due severe decrease income doubted would qualify refinance suggested check anyway told want jeopardize approval said trial offer expire looking refinance would render ineligible apply told declining trial modification would look refinance directed reached xxxx xxxx directly ask direction representative spoke xxxx xxxx suggested follow quicken guidance confirmed approved trial expire meantime would still eligible modification upon submission new application took advice called mortgage company inquire refinance surprised find qualify reduced income level process investigating refinance approved trial offer expired submitted brand new application xxxxxxxx submitted updated income documentation however informed today xxxxxxxx application denied say declined previous approved trial offer xxxxxxxx explained representative decline trial offer quicken loan xxxx xxxx suggested investigate refinance instead assured trial offer expire meantime would still eligible reviewed new application asked representative could dispute decision could listen call xxxxxxxx representative told nothing could done reaching cfpb treated unfairly fear mistake lack organization overshadowing fact real hardship need help done everything recommended denied help family desperately need please help rectify situation anything need helping investigate issue please let know sincerely xxxx xxxx
Bank account or service,Savings account,"Account opening, closing, or management",,"Received letter for my mother, who is now XXXX and XXXX, that CapitalOne360 had an account in her name about to be turned over to the State of New Jersey. I am Power of Attorney and have sent Capital One the forms and notarized signature, authorizing me to assume control. My problem is that CapitalOne says I need to talk to the Security Team before I am authorized. Am happy to do this, but they do not answer their phone, they do not call me back. Contacted a manager, XXXX, in Customer Service, and he said he would try to connect me to them. But to no avail. Been on hold with him for 15 minutes now. He finally came back and said he can not get hold of his Security team now to talk with me. I made XXXX simple requests : The Security Team call me and for them to mail an account statement to my mother at her address on record. XXXX basically said he could not guarantee either. Just that he would "" make the request ''. I give up. I can not spend an inordinate amount of time while CapitalOne holds the account hostage. Help? 
",Capital One,NJ,Web,Closed with explanation,Yes,received letter mother xxxx xxxx capitalone account name turned state new jersey power attorney sent capital one form notarized signature authorizing assume control problem capitalone say need talk security team authorized happy answer phone call back contacted manager xxxx customer service said would try connect avail hold minute finally came back said get hold security team talk made xxxx simple request security team call mail account statement mother address record xxxx basically said could guarantee either would make request give spend inordinate amount time capitalone hold account hostage help
